INSERT INTO `club` (`Club_ID`, `Club_Name`, `Club_Verband`, `Club_ShortName`, `Club_AdresseName`, `Club_AdresseStrasse`,
                    `Club_AdresseOrt`, `Club_Email`, `Club_ClickTTID`, `Club_Nr`, `Club_Timestamp`, `Club_Bezirk`,
                    `Club_Kreis`, `Club_Region`)
VALUES (1, 'TTV Erdmannhausen', 'TTVWH', NULL, NULL, NULL, NULL, NULL, NULL, '08013', '2019-01-03 18:21:42',
        'Ludwigsburg', NULL, '5'),
       (2, 'TV Busenbach', 'BaTTV', NULL, NULL, NULL, NULL, NULL, NULL, '403', '2019-01-03 18:21:42', 'Karlsruhe', NULL,
        '5'),
       (3, 'SV Salamander Kornwestheim', 'TTVWH', NULL, NULL, NULL, NULL, NULL, NULL, '08042', '2019-01-03 18:21:42',
        'Ludwigsburg', NULL, '5'),
       (4, 'FC Wolfach', 'SbTTV', NULL, NULL, NULL, NULL, NULL, NULL, '24057', '2019-01-03 18:21:42', 'Ortenau', NULL,
        '5'),
       (5, 'TTC Mutschelbach', 'BaTTV', NULL, NULL, NULL, NULL, NULL, NULL, '718', '2019-01-03 18:21:42', 'Pforzheim',
        NULL, '5'),
       (6, 'TTV Albersweiler', 'PTTV', NULL, NULL, NULL, NULL, NULL, NULL, '001', '2019-01-03 18:21:42',
        'Vorderpfalz-Süd', NULL, '7'),
       (7, 'TTV Bühlertal', 'SbTTV', NULL, NULL, NULL, NULL, NULL, NULL, '25009', '2019-01-03 18:21:42',
        'Rastatt/Baden-Baden', NULL, '5'),
       (8, 'TTC Rauental', 'SbTTV', NULL, NULL, NULL, NULL, NULL, NULL, '25032', '2019-01-03 18:21:42',
        'Rastatt/Baden-Baden', NULL, '5'),
       (9, 'TV Tamm', 'TTVWH', NULL, NULL, NULL, NULL, NULL, NULL, '08072', '2019-01-03 18:21:42', 'Ludwigsburg', NULL,
        '5'),
       (10, 'TTF Neuhausen/F.', 'TTVWH', NULL, NULL, NULL, NULL, NULL, NULL, '05041', '2019-01-03 18:21:42',
        'Esslingen', NULL, '5'),
       (11, 'TV 1846 Bretten', 'BaTTV', NULL, NULL, NULL, NULL, NULL, NULL, '102', '2019-01-03 18:21:42', 'Bruchsal',
        NULL, '5'),
       (12, 'WSV Schömberg', 'TTVWH', NULL, NULL, NULL, NULL, NULL, NULL, '12036', '2019-01-03 18:21:42', 'Schwarzwald',
        NULL, '5'),
       (13, 'SVK Beiertheim', 'BaTTV', NULL, NULL, NULL, NULL, NULL, NULL, '425', '2019-01-03 18:21:42', 'Karlsruhe',
        NULL, '5'),
       (14, 'TTF Ispringen', 'BaTTV', NULL, NULL, NULL, NULL, NULL, NULL, '713', '2019-01-03 18:21:42', 'Pforzheim',
        NULL, '5'),
       (15, 'TTC Birkenfeld', 'TTVWH', NULL, NULL, NULL, NULL, NULL, NULL, '12006', '2019-01-03 18:21:42',
        'Schwarzwald', NULL, '5'),
       (16, 'TTV Ettlingen', 'BaTTV', NULL, NULL, NULL, NULL, NULL, NULL, '407', '2019-01-03 18:21:42', 'Karlsruhe',
        NULL, '5'),
       (17, '1. FC Hösbach', 'ByTTV', NULL, NULL, NULL, NULL, NULL, NULL, '101041', '2019-01-03 18:21:42',
        'Unterfranken-West', NULL, '1'),
       (18, 'DJK Offenburg', 'SbTTV', NULL, NULL, NULL, NULL, NULL, NULL, '24037', '2019-01-03 18:21:42', 'Ortenau',
        NULL, '5'),
       (19, 'SV Germania Obrigheim', 'BaTTV', NULL, NULL, NULL, NULL, NULL, NULL, '619', '2019-01-03 18:21:42',
        'Mosbach', NULL, '5'),
       (20, 'TTC Eisingen', 'BaTTV', NULL, NULL, NULL, NULL, NULL, NULL, '706', '2019-01-03 18:21:42', 'Pforzheim',
        NULL, '5'),
       (21, 'TV Gernsbach', 'SbTTV', NULL, NULL, NULL, NULL, NULL, NULL, '25013', '2019-01-03 18:21:42',
        'Rastatt/Baden-Baden', NULL, '5'),
       (22, 'TV Hambrücken', 'BaTTV', NULL, NULL, NULL, NULL, NULL, NULL, '140', '2019-01-03 18:21:42', 'Bruchsal',
        NULL, '5'),
       (23, 'TTC Hamberg', 'BaTTV', NULL, NULL, NULL, NULL, NULL, NULL, '710', '2019-01-03 18:21:42', 'Pforzheim', NULL,
        '5'),
       (24, 'TTC Langensteinbach', 'BaTTV', NULL, NULL, NULL, NULL, NULL, NULL, '428', '2019-01-03 18:21:42',
        'Karlsruhe', NULL, '5'),
       (25, 'TV Neulingen', 'BaTTV', NULL, NULL, NULL, NULL, NULL, NULL, '720', '2019-01-03 18:21:42', 'Pforzheim',
        NULL, '5'),
       (26, 'TG Laudenbach', 'BaTTV', NULL, NULL, NULL, NULL, NULL, NULL, '1109', '2019-01-03 18:21:42', 'Rhein-Neckar',
        NULL, '5'),
       (27, 'TTC73 Oberderdingen', 'TTVWH', NULL, NULL, NULL, NULL, NULL, NULL, '08060', '2019-01-03 18:21:42',
        'Ludwigsburg', NULL, '5'),
       (28, 'TV Neuweier', 'SbTTV', NULL, NULL, NULL, NULL, NULL, NULL, '25022', '2019-01-03 18:21:42',
        'Rastatt/Baden-Baden', NULL, '5'),
       (29, 'SG Heidelberg-Neuenheim', 'BaTTV', NULL, NULL, NULL, NULL, NULL, NULL, '345', '2019-01-03 18:21:42',
        'Heidelberg', NULL, '5'),
       (30, 'SG Rüppurr', 'BaTTV', NULL, NULL, NULL, NULL, NULL, NULL, '435', '2019-01-03 18:21:42', 'Karlsruhe', NULL,
        '5'),
       (31, 'TTC Eschbach', 'SbTTV', NULL, NULL, NULL, NULL, NULL, NULL, '22015', '2019-01-03 18:21:42', 'Breisgau',
        NULL, '5'),
       (32, 'TTV Knittlingen', 'TTVWH', NULL, NULL, NULL, NULL, NULL, NULL, '08039', '2019-01-03 18:21:42',
        'Ludwigsburg', NULL, '5'),
       (33, 'TTC Berghaupten', 'SbTTV', NULL, NULL, NULL, NULL, NULL, NULL, '24004', '2019-01-03 18:21:42', 'Ortenau',
        NULL, '5'),
       (34, 'KT Kehl  v.1845 e.V', 'SbTTV', NULL, NULL, NULL, NULL, NULL, NULL, '24019', '2019-01-03 18:21:42',
        'Ortenau', NULL, '5'),
       (35, 'TTF Lengsdorf', 'WTTV', NULL, NULL, NULL, NULL, NULL, NULL, '154003', '2019-01-03 18:21:42', 'Mittelrhein',
        'Bonn', '3'),
       (36, 'SKV Sandhofen', 'BaTTV', NULL, NULL, NULL, NULL, NULL, NULL, '517', '2019-01-03 18:21:42', 'Rhein-Neckar',
        NULL, '5'),
       (37, 'TTV Weinheim-West', 'BaTTV', NULL, NULL, NULL, NULL, NULL, NULL, '1118', '2019-01-03 18:21:42',
        'Rhein-Neckar', NULL, '5'),
       (38, 'TS Durlach', 'BaTTV', NULL, NULL, NULL, NULL, NULL, NULL, '405', '2019-01-03 18:21:42', 'Karlsruhe', NULL,
        '5'),
       (39, 'TSG Blankenloch', 'BaTTV', NULL, NULL, NULL, NULL, NULL, NULL, '401', '2019-01-03 18:21:42', 'Karlsruhe',
        NULL, '5'),
       (40, 'TTV Zell', 'TTVWH', NULL, NULL, NULL, NULL, NULL, NULL, '13031', '2019-01-03 18:21:42', 'Staufen', NULL,
        '5'),
       (41, 'TTC Muggensturm', 'SbTTV', NULL, NULL, NULL, NULL, NULL, NULL, '25021', '2019-01-03 18:21:42',
        'Rastatt/Baden-Baden', NULL, '5'),
       (42, 'TTC Karlsruhe-Neureut', 'BaTTV', NULL, NULL, NULL, NULL, NULL, NULL, '432', '2019-01-03 18:21:42',
        'Karlsruhe', NULL, '5'),
       (43, 'TV Dienheim', 'RTTV', NULL, NULL, NULL, NULL, NULL, NULL, '305', '2019-01-03 18:21:42', 'Mainz', NULL,
        '7'),
       (44, 'TTG Kleinsteinbach/Singen', 'BaTTV', NULL, NULL, NULL, NULL, NULL, NULL, '742', '2019-01-03 18:21:42',
        'Pforzheim', NULL, '5'),
       (45, 'FV Wiesental', 'BaTTV', NULL, NULL, NULL, NULL, NULL, NULL, '136', '2019-01-03 18:21:42', 'Bruchsal', NULL,
        '5'),
       (46, 'TTC Iffezheim', 'SbTTV', NULL, NULL, NULL, NULL, NULL, NULL, '25014', '2019-01-03 18:21:42',
        'Rastatt/Baden-Baden', NULL, '5'),
       (47, 'FC Bayern München', 'ByTTV', NULL, NULL, NULL, NULL, NULL, NULL, '311037', '2019-01-03 18:21:42',
        'Oberbayern-Mitte', NULL, '1'),
       (48, 'SPORTVG Feuerbach', 'TTVWH', NULL, NULL, NULL, NULL, NULL, NULL, '14008', '2019-01-03 18:21:42',
        'Stuttgart', NULL, '5'),
       (49, 'TTSV Kenzingen', 'SbTTV', NULL, NULL, NULL, NULL, NULL, NULL, '22034', '2019-01-03 18:21:42', 'Breisgau',
        NULL, '5'),
       (50, 'DJK Vogelstang', 'BaTTV', NULL, NULL, NULL, NULL, NULL, NULL, '508', '2019-01-03 18:21:42', 'Rhein-Neckar',
        NULL, '5'),
       (51, 'VfL Kirchheim', 'TTVWH', NULL, NULL, NULL, NULL, NULL, NULL, '05030', '2019-01-03 18:21:42', 'Esslingen',
        NULL, '5'),
       (52, 'TV Oberhaugstett', 'TTVWH', NULL, NULL, NULL, NULL, NULL, NULL, '12033', '2019-01-03 18:21:42',
        'Schwarzwald', NULL, '5'),
       (53, 'TV Murrhardt', 'TTVWH', NULL, NULL, NULL, NULL, NULL, NULL, '11036', '2019-01-03 18:21:42', 'Rems', NULL,
        '5'),
       (54, 'SV Waldhilsbach', 'BaTTV', NULL, NULL, NULL, NULL, NULL, NULL, '336', '2019-01-03 18:21:42', 'Heidelberg',
        NULL, '5'),
       (55, 'CVJM Grüntal', 'TTVWH', NULL, NULL, NULL, NULL, NULL, NULL, '12017', '2019-01-03 18:21:42', 'Schwarzwald',
        NULL, '5'),
       (56, 'FC Lohrbach', 'BaTTV', NULL, NULL, NULL, NULL, NULL, NULL, '607', '2019-01-03 18:21:42', 'Mosbach', NULL,
        '5'),
       (57, 'ASV Grünwettersbach', 'BaTTV', NULL, NULL, NULL, NULL, NULL, NULL, '412', '2019-01-03 18:21:42',
        'Karlsruhe', NULL, '5'),
       (58, 'DJK Käfertal', 'BaTTV', NULL, NULL, NULL, NULL, NULL, NULL, '502', '2019-01-03 18:21:42', 'Rhein-Neckar',
        NULL, '5'),
       (59, 'TG Sachsenhausen 04', 'HeTTV', NULL, NULL, NULL, NULL, NULL, NULL, '43044', '2019-01-03 18:21:42', 'Süd',
        'Frankfurt', '4'),
       (60, 'TTV Rohrbach', 'BaTTV', NULL, NULL, NULL, NULL, NULL, NULL, '925', '2019-01-03 18:21:42', 'Sinsheim', NULL,
        '5'),
       (61, 'TTV Mühlhausen', 'BaTTV', NULL, NULL, NULL, NULL, NULL, NULL, '322', '2019-01-03 18:21:42', 'Heidelberg',
        NULL, '5'),
       (62, 'TG Eggenstein', 'BaTTV', NULL, NULL, NULL, NULL, NULL, NULL, '406', '2019-01-03 18:21:42', 'Karlsruhe',
        NULL, '5'),
       (63, 'TV Bad Rappenau', 'BaTTV', NULL, NULL, NULL, NULL, NULL, NULL, '923', '2019-01-03 18:21:42', 'Sinsheim',
        NULL, '5'),
       (64, 'TTC Singen', 'SbTTV', NULL, NULL, NULL, NULL, NULL, NULL, '21026', '2019-01-03 18:21:42', 'Bodensee', NULL,
        '5'),
       (65, 'TSV Betzingen', 'TTVWH', NULL, NULL, NULL, NULL, NULL, NULL, '01006', '2019-01-03 18:21:42', 'Alb', NULL,
        '5'),
       (66, 'TTC 1946 Weinheim', 'BaTTV', NULL, NULL, NULL, NULL, NULL, NULL, '1117', '2019-01-03 18:21:42',
        'Rhein-Neckar', NULL, '5'),
       (67, 'TTV Muckenschopf', 'SbTTV', NULL, NULL, NULL, NULL, NULL, NULL, '25020', '2019-01-03 18:21:42',
        'Rastatt/Baden-Baden', NULL, '5'),
       (68, 'SV Leonberg/Eltingen', 'TTVWH', NULL, NULL, NULL, NULL, NULL, NULL, '03037', '2019-01-03 18:21:42',
        'Böblingen', NULL, '5'),
       (69, 'SV Rust', 'SbTTV', NULL, NULL, NULL, NULL, NULL, NULL, '24045', '2019-01-03 18:21:42', 'Ortenau', NULL,
        '5'),
       (70, 'TB Gaggenau', 'SbTTV', NULL, NULL, NULL, NULL, NULL, NULL, '25011', '2019-01-03 18:21:42',
        'Rastatt/Baden-Baden', NULL, '5'),
       (71, 'TTSF Hohberg', 'SbTTV', NULL, NULL, NULL, NULL, NULL, NULL, '24015', '2019-01-03 18:21:42', 'Ortenau',
        NULL, '5'),
       (72, 'TV Ottenhausen', 'BaTTV', NULL, NULL, NULL, NULL, NULL, NULL, '724', '2019-01-03 18:21:42', 'Pforzheim',
        NULL, '5'),
       (73, 'TTC Bietigheim-Bissingen', 'TTVWH', NULL, NULL, NULL, NULL, NULL, NULL, '08074', '2019-01-03 18:21:42',
        'Ludwigsburg', NULL, '5'),
       (74, 'TGV Dürrenzimmern', 'TTVWH', NULL, NULL, NULL, NULL, NULL, NULL, '06016', '2019-01-03 18:21:42',
        'Heilbronn', NULL, '5'),
       (75, 'TTA 08 Mühlacker', 'TTVWH', NULL, NULL, NULL, NULL, NULL, NULL, '08054', '2019-01-03 18:21:42',
        'Ludwigsburg', NULL, '5'),
       (76, 'TTC Neckarger/Guttenbach', 'BaTTV', NULL, NULL, NULL, NULL, NULL, NULL, '624', '2019-01-03 18:21:42',
        'Mosbach', NULL, '5'),
       (77, 'TuS Metzingen', 'TTVWH', NULL, NULL, NULL, NULL, NULL, NULL, '01033', '2019-01-03 18:21:42', 'Alb', NULL,
        '5'),
       (78, 'TG Söllingen', 'BaTTV', NULL, NULL, NULL, NULL, NULL, NULL, '438', '2019-01-03 18:21:42', 'Karlsruhe',
        NULL, '5'),
       (79, 'SV Böblingen', 'TTVWH', NULL, NULL, NULL, NULL, NULL, NULL, '03002', '2019-01-03 18:21:42', 'Böblingen',
        NULL, '5'),
       (80, 'TTC Borussia Grißheim', 'SbTTV', NULL, NULL, NULL, NULL, NULL, NULL, '22026', '2019-01-03 18:21:42',
        'Breisgau', NULL, '5'),
       (81, 'TTC Schefflenz-Auerbach', 'BaTTV', NULL, NULL, NULL, NULL, NULL, NULL, '625', '2019-01-03 18:21:42',
        'Mosbach', NULL, '5'),
       (82, 'TSV Goldbach', 'TTVWH', NULL, NULL, NULL, NULL, NULL, NULL, '07025', '2019-01-03 18:21:42', 'Hohenlohe',
        NULL, '5'),
       (83, '1. TTC Ketsch', 'BaTTV', NULL, NULL, NULL, NULL, NULL, NULL, '805', '2019-01-03 18:21:42', 'Heidelberg',
        NULL, '5'),
       (84, 'TTG Neckarbischofsheim', 'BaTTV', NULL, NULL, NULL, NULL, NULL, NULL, '920', '2019-01-03 18:21:42',
        'Sinsheim', NULL, '5'),
       (85, 'TB Bad Rotenfels', 'SbTTV', NULL, NULL, NULL, NULL, NULL, NULL, '25003', '2019-01-03 18:21:43',
        'Rastatt/Baden-Baden', NULL, '5'),
       (86, 'TV Knielingen', 'BaTTV', NULL, NULL, NULL, NULL, NULL, NULL, '427', '2019-01-03 18:21:43', 'Karlsruhe',
        NULL, '5'),
       (87, 'SV Landau West', 'PTTV', NULL, NULL, NULL, NULL, NULL, NULL, '130', '2019-01-03 18:21:43',
        'Vorderpfalz-Süd', NULL, '7'),
       (88, 'TSV Georgii Allianz', 'TTVWH', NULL, NULL, NULL, NULL, NULL, NULL, '14001', '2019-01-03 18:21:43',
        'Stuttgart', NULL, '5'),
       (89, 'VfL Sindelfingen', 'TTVWH', NULL, NULL, NULL, NULL, NULL, NULL, '03027', '2019-01-03 18:21:43',
        'Böblingen', NULL, '5'),
       (90, 'TTF Frankenthal', 'PTTV', NULL, NULL, NULL, NULL, NULL, NULL, '060', '2019-01-03 18:21:43',
        'Vorderpfalz-Nord', NULL, '7'),
       (91, 'TTC Wöschbach', 'BaTTV', NULL, NULL, NULL, NULL, NULL, NULL, '445', '2019-01-03 18:21:43', 'Karlsruhe',
        NULL, '5'),
       (92, 'SG Schorndorf', 'TTVWH', NULL, NULL, NULL, NULL, NULL, NULL, '11049', '2019-01-03 18:21:43', 'Rems', NULL,
        '5'),
       (93, 'TTC Wehrden e.V.', 'STTB', NULL, NULL, NULL, NULL, NULL, NULL, '238', '2019-01-03 18:21:43', 'Süd-West',
        'Südsaar', '7'),
       (94, 'TG Donzdorf', 'TTVWH', NULL, NULL, NULL, NULL, NULL, NULL, '13008', '2019-01-03 18:21:43', 'Staufen', NULL,
        '5');

INSERT INTO `matches` (`Matc_Play1_ID`, `Matc_Play2_ID`, `Matc_IsPlaying`, `Matc_Winner_ID`, `Matc_Tabl_ID`,
                       `Matc_Tabl2_ID`, `Matc_PlannedTable_ID`, `Matc_PlannedPosition`, `Matc_StartTime`,
                       `Matc_RoundNumber`, `Matc_ResultRaw`, `Matc_Grou_ID`, `Matc_MaTy_ID`, `Matc_ID`, `Matc_Type_ID`,
                       `Matc_Result`, `Matc_Played`, `Matc_Printed`, `Matc_Uebernommen`, `Matc_Waitinglist`,
                       `Matc_kampflos`, `Matc_Hidden`, `Matc_Nr`, `Matc_Parent_ID`, `Matc_TeSM_ID`, `Matc_ResultTeam1`,
                       `Matc_ResultTeam2`, `Matc_Balls1`, `Matc_Balls2`, `Matc_Sets1`, `Matc_Sets2`, `Matc_Code`,
                       `Matc_Schiri_Play_ID`, `Matc_Timestamp`, `Matc_Control`, `Matc_TeSy_ID`, `Matc_PlayedTable_ID`)
VALUES (166, 72, 0, 166, NULL, 0, NULL, NULL, '1899-12-30 00:00:00', 1, '11=3,11=3,11=3', 1, 9, 1, 3, '3 : 0', 1, 0, 0,
        0, 0, 0, 1, 0, 0, NULL, NULL, 33, 9, 3, 0, '40001', 0, '2019-01-05 20:23:18', 0, 0, 0),
       (109, 72, 0, 109, NULL, 0, NULL, NULL, '1899-12-30 00:00:00', 2, '11=3,11=3,11=3', 1, 9, 2, 3, '3 : 0', 1, 0, 0,
        0, 0, 0, 1, 0, 0, NULL, NULL, 33, 9, 3, 0, '80002', 0, '2019-01-05 20:23:18', 0, 0, 0),
       (109, 166, 0, 166, NULL, 0, NULL, NULL, '1899-12-30 00:00:00', 3, '11=3,3=11,3=11,3=11', 1, 9, 3, 3, '1 : 3', 1,
        0, 0, 0, 0, 0, 1, 0, 0, NULL, NULL, 20, 36, 1, 3, '80003', 0, '2019-01-05 20:23:18', 0, 0, 0),
       (75, 115, 0, 75, NULL, 0, NULL, NULL, '1899-12-30 00:00:00', 1, '11=5,11=5,11=5', 2, 9, 4, 3, '3 : 0', 1, 0, 0,
        0, 0, 0, 1, 0, 0, NULL, NULL, 33, 15, 3, 0, '30004', 0, '2019-01-05 20:23:18', 0, 0, 0),
       (128, 75, 0, 128, NULL, 0, NULL, NULL, '1899-12-30 00:00:00', 2, '11=3,11=3,11=3', 2, 9, 5, 3, '3 : 0', 1, 0, 0,
        0, 0, 0, 1, 0, 0, NULL, NULL, 33, 9, 3, 0, '40005', 0, '2019-01-05 20:23:18', 0, 0, 0),
       (128, 115, 0, 0, 0, 0, NULL, NULL, '1899-12-30 00:00:00', 3, '', 2, 9, 6, 3, '', 0, 0, 0, 0, 0, 0, 1, 0, 0, NULL,
        NULL, 0, 0, 0, 0, '30006', 0, '2019-01-05 20:23:18', 0, 0, 0),
       (123, 61, 0, 123, NULL, 0, NULL, NULL, '1899-12-30 00:00:00', 1, '11=5,11=5,11=5', 3, 9, 7, 3, '3 : 0', 1, 0, 0,
        0, 0, 0, 1, 0, 0, NULL, NULL, 33, 15, 3, 0, '70007', 0, '2019-01-05 20:23:18', 0, 0, 0),
       (80, 123, 0, 80, NULL, 0, NULL, NULL, '1899-12-30 00:00:00', 2, '11=5,11=5,11=5', 3, 9, 8, 3, '3 : 0', 1, 0, 0,
        0, 0, 0, 1, 0, 0, NULL, NULL, 33, 15, 3, 0, '20008', 0, '2019-01-05 20:23:18', 0, 0, 0),
       (80, 61, 0, 80, NULL, 0, NULL, NULL, '1899-12-30 00:00:00', 3, '11=5,11=5,11=5', 3, 9, 9, 3, '3 : 0', 1, 0, 0, 0,
        0, 0, 1, 0, 0, NULL, NULL, 33, 15, 3, 0, '90009', 0, '2019-01-05 20:23:18', 0, 0, 0),
       (64, 56, 0, 64, NULL, 0, NULL, NULL, '1899-12-30 00:00:00', 1, '11=5,11=5,11=5', 4, 9, 10, 3, '3 : 0', 1, 0, 0,
        0, 0, 0, 1, 0, 0, NULL, NULL, 33, 15, 3, 0, '40010', 0, '2019-01-05 20:23:18', 0, 0, 0),
       (64, 113, 0, 0, 0, 0, NULL, NULL, '1899-12-30 00:00:00', 2, '', 4, 9, 11, 3, '', 0, 0, 0, 0, 0, 0, 1, 0, 0, NULL,
        NULL, 0, 0, 0, 0, '00011', 0, '2019-01-05 20:23:18', 0, 0, 0),
       (56, 113, 0, 0, 0, 0, NULL, NULL, '1899-12-30 00:00:00', 3, '', 4, 9, 12, 3, '', 0, 0, 0, 0, 0, 0, 1, 0, 0, NULL,
        NULL, 0, 0, 0, 0, '90012', 0, '2019-01-05 20:23:18', 0, 0, 0),
       (124, 286, 0, 0, 0, 0, NULL, NULL, '1899-12-30 00:00:00', 1, '', 5, 9, 13, 3, '', 0, 0, 0, 0, 0, 0, 1, 0, 0,
        NULL, NULL, 0, 0, 0, 0, '80013', 0, '2019-01-05 20:23:18', 0, 0, 0),
       (124, 219, 0, 0, 0, 0, NULL, NULL, '1899-12-30 00:00:00', 2, '', 5, 9, 14, 3, '', 0, 0, 0, 0, 0, 0, 1, 0, 0,
        NULL, NULL, 0, 0, 0, 0, '40014', 0, '2019-01-05 20:23:18', 0, 0, 0),
       (286, 219, 0, 0, 0, 0, NULL, NULL, '1899-12-30 00:00:00', 3, '', 5, 9, 15, 3, '', 0, 0, 0, 0, 0, 0, 1, 0, 0,
        NULL, NULL, 0, 0, 0, 0, '60015', 0, '2019-01-05 20:23:18', 0, 0, 0),
       (96, 111, 0, 0, 0, 0, NULL, NULL, '1899-12-30 00:00:00', 1, '', 6, 9, 16, 3, '', 0, 0, 0, 0, 0, 0, 1, 0, 0, NULL,
        NULL, 0, 0, 0, 0, '50016', 0, '2019-01-05 20:23:18', 0, 0, 0),
       (96, 84, 0, 0, 0, 0, NULL, NULL, '1899-12-30 00:00:00', 2, '', 6, 9, 17, 3, '', 0, 0, 0, 0, 0, 0, 1, 0, 0, NULL,
        NULL, 0, 0, 0, 0, '90017', 0, '2019-01-05 20:23:18', 0, 0, 0),
       (84, 111, 0, 0, 0, 0, NULL, NULL, '1899-12-30 00:00:00', 3, '', 6, 9, 18, 3, '', 0, 0, 0, 0, 0, 0, 1, 0, 0, NULL,
        NULL, 0, 0, 0, 0, '20018', 0, '2019-01-05 20:23:18', 0, 0, 0),
       (81, 78, 0, 0, 0, 0, NULL, NULL, '1899-12-30 00:00:00', 1, '', 7, 9, 19, 3, '', 0, 0, 0, 0, 0, 0, 1, 0, 0, NULL,
        NULL, 0, 0, 0, 0, '80019', 0, '2019-01-05 20:23:18', 0, 0, 0),
       (81, 284, 0, 0, 0, 0, NULL, NULL, '1899-12-30 00:00:00', 2, '', 7, 9, 20, 3, '', 0, 0, 0, 0, 0, 0, 1, 0, 0, NULL,
        NULL, 0, 0, 0, 0, '50020', 0, '2019-01-05 20:23:18', 0, 0, 0),
       (284, 78, 0, 0, 0, 0, NULL, NULL, '1899-12-30 00:00:00', 3, '', 7, 9, 21, 3, '', 0, 0, 0, 0, 0, 0, 1, 0, 0, NULL,
        NULL, 0, 0, 0, 0, '00021', 0, '2019-01-05 20:23:18', 0, 0, 0),
       (91, 114, 0, 0, 0, 0, NULL, NULL, '1899-12-30 00:00:00', 1, '', 8, 9, 22, 3, '', 0, 0, 0, 0, 0, 0, 1, 0, 0, NULL,
        NULL, 0, 0, 0, 0, '20022', 0, '2019-01-05 20:23:18', 0, 0, 0),
       (91, 92, 0, 0, 0, 0, NULL, NULL, '1899-12-30 00:00:00', 2, '', 8, 9, 23, 3, '', 0, 0, 0, 0, 0, 0, 1, 0, 0, NULL,
        NULL, 0, 0, 0, 0, '50023', 0, '2019-01-05 20:23:18', 0, 0, 0),
       (114, 92, 0, 0, 0, 0, NULL, NULL, '1899-12-30 00:00:00', 3, '', 8, 9, 24, 3, '', 0, 0, 0, 0, 0, 0, 1, 0, 0, NULL,
        NULL, 0, 0, 0, 0, '10024', 0, '2019-01-05 20:23:18', 0, 0, 0),
       (104, 70, 0, 0, 0, 0, NULL, NULL, '1899-12-30 00:00:00', 1, '', 9, 9, 25, 3, '', 0, 0, 0, 0, 0, 0, 1, 0, 0, NULL,
        NULL, 0, 0, 0, 0, '40025', 0, '2019-01-05 20:23:18', 0, 0, 0),
       (104, 105, 0, 0, 0, 0, NULL, NULL, '1899-12-30 00:00:00', 2, '', 9, 9, 26, 3, '', 0, 0, 0, 0, 0, 0, 1, 0, 0,
        NULL, NULL, 0, 0, 0, 0, '10026', 0, '2019-01-05 20:23:18', 0, 0, 0),
       (105, 70, 0, 0, 0, 0, NULL, NULL, '1899-12-30 00:00:00', 3, '', 9, 9, 27, 3, '', 0, 0, 0, 0, 0, 0, 1, 0, 0, NULL,
        NULL, 0, 0, 0, 0, '30027', 0, '2019-01-05 20:23:18', 0, 0, 0),
       (59, 95, 0, 0, 0, 0, NULL, NULL, '1899-12-30 00:00:00', 1, '', 10, 9, 28, 3, '', 0, 0, 0, 0, 0, 0, 1, 0, 0, NULL,
        NULL, 0, 0, 0, 0, '90028', 0, '2019-01-05 20:23:18', 0, 0, 0),
       (58, 59, 0, 0, 0, 0, NULL, NULL, '1899-12-30 00:00:00', 2, '', 10, 9, 29, 3, '', 0, 0, 0, 0, 0, 0, 1, 0, 0, NULL,
        NULL, 0, 0, 0, 0, '10029', 0, '2019-01-05 20:23:18', 0, 0, 0),
       (58, 95, 0, 0, 0, 0, NULL, NULL, '1899-12-30 00:00:00', 3, '', 10, 9, 30, 3, '', 0, 0, 0, 0, 0, 0, 1, 0, 0, NULL,
        NULL, 0, 0, 0, 0, '00030', 0, '2019-01-05 20:23:18', 0, 0, 0),
       (133, 63, 0, 0, 0, 0, NULL, NULL, '1899-12-30 00:00:00', 1, '', 11, 9, 31, 3, '', 0, 0, 0, 0, 0, 0, 1, 0, 0,
        NULL, NULL, 0, 0, 0, 0, '20031', 0, '2019-01-05 20:23:18', 0, 0, 0),
       (112, 133, 0, 0, 0, 0, NULL, NULL, '1899-12-30 00:00:00', 2, '', 11, 9, 32, 3, '', 0, 0, 0, 0, 0, 0, 1, 0, 0,
        NULL, NULL, 0, 0, 0, 0, '10032', 0, '2019-01-05 20:23:18', 0, 0, 0),
       (112, 63, 0, 0, 0, 0, NULL, NULL, '1899-12-30 00:00:00', 3, '', 11, 9, 33, 3, '', 0, 0, 0, 0, 0, 0, 1, 0, 0,
        NULL, NULL, 0, 0, 0, 0, '00033', 0, '2019-01-05 20:23:18', 0, 0, 0),
       (62, 97, 0, 0, 0, 0, NULL, NULL, '1899-12-30 00:00:00', 1, '', 12, 9, 34, 3, '', 0, 0, 0, 0, 0, 0, 1, 0, 0, NULL,
        NULL, 0, 0, 0, 0, '70034', 0, '2019-01-05 20:23:18', 0, 0, 0),
       (60, 97, 0, 0, 0, 0, NULL, NULL, '1899-12-30 00:00:00', 2, '', 12, 9, 35, 3, '', 0, 0, 0, 0, 0, 0, 1, 0, 0, NULL,
        NULL, 0, 0, 0, 0, '80035', 0, '2019-01-05 20:23:18', 0, 0, 0),
       (62, 60, 0, 0, 0, 0, NULL, NULL, '1899-12-30 00:00:00', 3, '', 12, 9, 36, 3, '', 0, 0, 0, 0, 0, 0, 1, 0, 0, NULL,
        NULL, 0, 0, 0, 0, '60036', 0, '2019-01-05 20:23:18', 0, 0, 0),
       (170, 118, 0, 0, 0, 0, NULL, NULL, '1899-12-30 00:00:00', 1, '', 13, 9, 37, 3, '', 0, 0, 0, 0, 0, 0, 1, 0, 0,
        NULL, NULL, 0, 0, 0, 0, '70037', 0, '2019-01-05 20:23:18', 0, 0, 0),
       (170, 103, 0, 0, 0, 0, NULL, NULL, '1899-12-30 00:00:00', 2, '', 13, 9, 38, 3, '', 0, 0, 0, 0, 0, 0, 1, 0, 0,
        NULL, NULL, 0, 0, 0, 0, '60038', 0, '2019-01-05 20:23:18', 0, 0, 0),
       (103, 118, 0, 0, 0, 0, NULL, NULL, '1899-12-30 00:00:00', 3, '', 13, 9, 39, 3, '', 0, 0, 0, 0, 0, 0, 1, 0, 0,
        NULL, NULL, 0, 0, 0, 0, '80039', 0, '2019-01-05 20:23:18', 0, 0, 0),
       (130, 161, 0, 0, 0, 0, NULL, NULL, '1899-12-30 00:00:00', 1, '', 14, 9, 40, 3, '', 0, 0, 0, 0, 0, 0, 1, 0, 0,
        NULL, NULL, 0, 0, 0, 0, '80040', 0, '2019-01-05 20:23:18', 0, 0, 0),
       (100, 161, 0, 0, 0, 0, NULL, NULL, '1899-12-30 00:00:00', 2, '', 14, 9, 41, 3, '', 0, 0, 0, 0, 0, 0, 1, 0, 0,
        NULL, NULL, 0, 0, 0, 0, '10041', 0, '2019-01-05 20:23:18', 0, 0, 0),
       (100, 130, 0, 0, 0, 0, NULL, NULL, '1899-12-30 00:00:00', 3, '', 14, 9, 42, 3, '', 0, 0, 0, 0, 0, 0, 1, 0, 0,
        NULL, NULL, 0, 0, 0, 0, '10042', 0, '2019-01-05 20:23:18', 0, 0, 0),
       (282, 127, 0, 0, 0, 0, NULL, NULL, '1899-12-30 00:00:00', 1, '', 15, 9, 43, 3, '', 0, 0, 0, 0, 0, 0, 1, 0, 0,
        NULL, NULL, 0, 0, 0, 0, '50043', 0, '2019-01-05 20:23:18', 0, 0, 0),
       (107, 282, 0, 0, 0, 0, NULL, NULL, '1899-12-30 00:00:00', 2, '', 15, 9, 44, 3, '', 0, 0, 0, 0, 0, 0, 1, 0, 0,
        NULL, NULL, 0, 0, 0, 0, '20044', 0, '2019-01-05 20:23:18', 0, 0, 0),
       (107, 127, 0, 0, 0, 0, NULL, NULL, '1899-12-30 00:00:00', 3, '', 15, 9, 45, 3, '', 0, 0, 0, 0, 0, 0, 1, 0, 0,
        NULL, NULL, 0, 0, 0, 0, '30045', 0, '2019-01-05 20:23:18', 0, 0, 0),
       (87, 67, 0, 87, NULL, 0, NULL, NULL, '1899-12-30 00:00:00', 1, '11=5,11=5,11=5', 16, 9, 46, 3, '3 : 0', 1, 0, 0,
        0, 0, 0, 1, 0, 0, NULL, NULL, 33, 15, 3, 0, '50046', 0, '2019-01-05 20:23:19', 0, 0, 0),
       (87, 220, 0, 220, NULL, 0, NULL, NULL, '1899-12-30 00:00:00', 2, '8=11,9=11,9=11', 16, 9, 47, 3, '0 : 3', 1, 0,
        0, 0, 0, 0, 1, 0, 0, NULL, NULL, 26, 33, 0, 3, '00047', 0, '2019-01-05 20:23:19', 0, 0, 0),
       (220, 67, 0, 0, 0, 0, NULL, NULL, '1899-12-30 00:00:00', 3, '', 16, 9, 48, 3, '', 0, 0, 0, 0, 0, 0, 1, 0, 0,
        NULL, NULL, 0, 0, 0, 0, '70048', 0, '2019-01-05 20:23:19', 0, 0, 0),
       (93, 126, 0, 0, 0, 0, NULL, NULL, '1899-12-30 00:00:00', 1, '', 17, 9, 49, 3, '', 0, 0, 0, 0, 0, 0, 1, 0, 0,
        NULL, NULL, 0, 0, 0, 0, '10049', 0, '2019-01-05 20:23:19', 0, 0, 0),
       (126, 71, 0, 0, 0, 0, NULL, NULL, '1899-12-30 00:00:00', 2, '', 17, 9, 50, 3, '', 0, 0, 0, 0, 0, 0, 1, 0, 0,
        NULL, NULL, 0, 0, 0, 0, '50050', 0, '2019-01-05 20:23:19', 0, 0, 0),
       (93, 71, 0, 0, 0, 0, NULL, NULL, '1899-12-30 00:00:00', 3, '', 17, 9, 51, 3, '', 0, 0, 0, 0, 0, 0, 1, 0, 0, NULL,
        NULL, 0, 0, 0, 0, '30051', 0, '2019-01-05 20:23:19', 0, 0, 0),
       (82, 94, 0, 0, 0, 0, NULL, NULL, '1899-12-30 00:00:00', 1, '', 18, 9, 52, 3, '', 0, 0, 0, 0, 0, 0, 1, 0, 0, NULL,
        NULL, 0, 0, 0, 0, '40052', 0, '2019-01-05 20:23:19', 0, 0, 0),
       (76, 94, 0, 0, 0, 0, NULL, NULL, '1899-12-30 00:00:00', 2, '', 18, 9, 53, 3, '', 0, 0, 0, 0, 0, 0, 1, 0, 0, NULL,
        NULL, 0, 0, 0, 0, '90053', 0, '2019-01-05 20:23:19', 0, 0, 0),
       (76, 82, 0, 0, 0, 0, NULL, NULL, '1899-12-30 00:00:00', 3, '', 18, 9, 54, 3, '', 0, 0, 0, 0, 0, 0, 1, 0, 0, NULL,
        NULL, 0, 0, 0, 0, '40054', 0, '2019-01-05 20:23:19', 0, 0, 0),
       (74, 122, 0, 0, 0, 0, NULL, NULL, '1899-12-30 00:00:00', 1, '', 19, 9, 55, 3, '', 0, 0, 0, 0, 0, 0, 1, 0, 0,
        NULL, NULL, 0, 0, 0, 0, '10055', 0, '2019-01-05 20:23:19', 0, 0, 0),
       (122, 119, 0, 0, 0, 0, NULL, NULL, '1899-12-30 00:00:00', 2, '', 19, 9, 56, 3, '', 0, 0, 0, 0, 0, 0, 1, 0, 0,
        NULL, NULL, 0, 0, 0, 0, '50056', 0, '2019-01-05 20:23:19', 0, 0, 0),
       (74, 119, 0, 0, 0, 0, NULL, NULL, '1899-12-30 00:00:00', 3, '', 19, 9, 57, 3, '', 0, 0, 0, 0, 0, 0, 1, 0, 0,
        NULL, NULL, 0, 0, 0, 0, '20057', 0, '2019-01-05 20:23:19', 0, 0, 0),
       (106, 165, 0, 0, 0, 0, NULL, NULL, '1899-12-30 00:00:00', 1, '', 20, 9, 58, 3, '', 0, 0, 0, 0, 0, 0, 1, 0, 0,
        NULL, NULL, 0, 0, 0, 0, '40058', 0, '2019-01-05 20:23:19', 0, 0, 0),
       (129, 165, 0, 0, 0, 0, NULL, NULL, '1899-12-30 00:00:00', 2, '', 20, 9, 59, 3, '', 0, 0, 0, 0, 0, 0, 1, 0, 0,
        NULL, NULL, 0, 0, 0, 0, '60059', 0, '2019-01-05 20:23:19', 0, 0, 0),
       (129, 106, 0, 0, 0, 0, NULL, NULL, '1899-12-30 00:00:00', 3, '', 20, 9, 60, 3, '', 0, 0, 0, 0, 0, 0, 1, 0, 0,
        NULL, NULL, 0, 0, 0, 0, '20060', 0, '2019-01-05 20:23:19', 0, 0, 0),
       (156, 98, 0, 0, 0, 0, NULL, NULL, '1899-12-30 00:00:00', 1, '', 21, 9, 61, 3, '', 0, 0, 0, 0, 0, 0, 1, 0, 0,
        NULL, NULL, 0, 0, 0, 0, '50061', 0, '2019-01-05 20:23:19', 0, 0, 0),
       (79, 98, 0, 0, 0, 0, NULL, NULL, '1899-12-30 00:00:00', 2, '', 21, 9, 62, 3, '', 0, 0, 0, 0, 0, 0, 1, 0, 0, NULL,
        NULL, 0, 0, 0, 0, '00062', 0, '2019-01-05 20:23:19', 0, 0, 0),
       (156, 79, 0, 0, 0, 0, NULL, NULL, '1899-12-30 00:00:00', 3, '', 21, 9, 63, 3, '', 0, 0, 0, 0, 0, 0, 1, 0, 0,
        NULL, NULL, 0, 0, 0, 0, '80063', 0, '2019-01-05 20:23:19', 0, 0, 0),
       (68, 57, 0, 0, 0, 0, NULL, NULL, '1899-12-30 00:00:00', 1, '', 22, 9, 64, 3, '', 0, 0, 0, 0, 0, 0, 1, 0, 0, NULL,
        NULL, 0, 0, 0, 0, '90064', 0, '2019-01-05 20:23:19', 0, 0, 0),
       (57, 85, 0, 0, 0, 0, NULL, NULL, '1899-12-30 00:00:00', 2, '', 22, 9, 65, 3, '', 0, 0, 0, 0, 0, 0, 1, 0, 0, NULL,
        NULL, 0, 0, 0, 0, '20065', 0, '2019-01-05 20:23:19', 0, 0, 0),
       (68, 85, 0, 0, 0, 0, NULL, NULL, '1899-12-30 00:00:00', 3, '', 22, 9, 66, 3, '', 0, 0, 0, 0, 0, 0, 1, 0, 0, NULL,
        NULL, 0, 0, 0, 0, '10066', 0, '2019-01-05 20:23:19', 0, 0, 0),
       (117, 171, 0, 0, 0, 0, NULL, NULL, '1899-12-30 00:00:00', 1, '', 23, 9, 67, 3, '', 0, 0, 0, 0, 0, 0, 1, 0, 0,
        NULL, NULL, 0, 0, 0, 0, '80067', 0, '2019-01-05 20:23:19', 0, 0, 0),
       (171, 90, 0, 0, 0, 0, NULL, NULL, '1899-12-30 00:00:00', 2, '', 23, 9, 68, 3, '', 0, 0, 0, 0, 0, 0, 1, 0, 0,
        NULL, NULL, 0, 0, 0, 0, '70068', 0, '2019-01-05 20:23:19', 0, 0, 0),
       (117, 90, 0, 0, 0, 0, NULL, NULL, '1899-12-30 00:00:00', 3, '', 23, 9, 69, 3, '', 0, 0, 0, 0, 0, 0, 1, 0, 0,
        NULL, NULL, 0, 0, 0, 0, '30069', 0, '2019-01-05 20:23:19', 0, 0, 0),
       (65, 73, 0, 0, 0, 0, NULL, NULL, '1899-12-30 00:00:00', 1, '', 24, 9, 70, 3, '', 0, 0, 0, 0, 0, 0, 1, 0, 0, NULL,
        NULL, 0, 0, 0, 0, '20070', 0, '2019-01-05 20:23:19', 0, 0, 0),
       (65, 285, 0, 0, 0, 0, NULL, NULL, '1899-12-30 00:00:00', 2, '', 24, 9, 71, 3, '', 0, 0, 0, 0, 0, 0, 1, 0, 0,
        NULL, NULL, 0, 0, 0, 0, '60071', 0, '2019-01-05 20:23:19', 0, 0, 0),
       (73, 285, 0, 0, 0, 0, NULL, NULL, '1899-12-30 00:00:00', 3, '', 24, 9, 72, 3, '', 0, 0, 0, 0, 0, 0, 1, 0, 0,
        NULL, NULL, 0, 0, 0, 0, '40072', 0, '2019-01-05 20:23:19', 0, 0, 0),
       (120, 125, 0, 0, 0, 0, NULL, NULL, '1899-12-30 00:00:00', 1, '', 25, 9, 73, 3, '', 0, 0, 0, 0, 0, 0, 1, 0, 0,
        NULL, NULL, 0, 0, 0, 0, '20073', 0, '2019-01-05 20:23:19', 0, 0, 0),
       (131, 120, 0, 0, 0, 0, NULL, NULL, '1899-12-30 00:00:00', 2, '', 25, 9, 74, 3, '', 0, 0, 0, 0, 0, 0, 1, 0, 0,
        NULL, NULL, 0, 0, 0, 0, '40074', 0, '2019-01-05 20:23:19', 0, 0, 0),
       (131, 125, 0, 0, 0, 0, NULL, NULL, '1899-12-30 00:00:00', 3, '', 25, 9, 75, 3, '', 0, 0, 0, 0, 0, 0, 1, 0, 0,
        NULL, NULL, 0, 0, 0, 0, '20075', 0, '2019-01-05 20:23:19', 0, 0, 0),
       (101, 108, 0, 0, 0, 0, NULL, NULL, '1899-12-30 00:00:00', 1, '', 26, 9, 76, 3, '', 0, 0, 0, 0, 0, 0, 1, 0, 0,
        NULL, NULL, 0, 0, 0, 0, '10076', 0, '2019-01-05 20:23:19', 0, 0, 0),
       (69, 108, 0, 0, 0, 0, NULL, NULL, '1899-12-30 00:00:00', 2, '', 26, 9, 77, 3, '', 0, 0, 0, 0, 0, 0, 1, 0, 0,
        NULL, NULL, 0, 0, 0, 0, '70077', 0, '2019-01-05 20:23:19', 0, 0, 0),
       (69, 101, 0, 0, 0, 0, NULL, NULL, '1899-12-30 00:00:00', 3, '', 26, 9, 78, 3, '', 0, 0, 0, 0, 0, 0, 1, 0, 0,
        NULL, NULL, 0, 0, 0, 0, '20078', 0, '2019-01-05 20:23:19', 0, 0, 0),
       (102, 86, 0, 0, 0, 0, NULL, NULL, '1899-12-30 00:00:00', 1, '', 27, 9, 79, 3, '', 0, 0, 0, 0, 0, 0, 1, 0, 0,
        NULL, NULL, 0, 0, 0, 0, '10079', 0, '2019-01-05 20:23:19', 0, 0, 0),
       (89, 86, 0, 0, 0, 0, NULL, NULL, '1899-12-30 00:00:00', 2, '', 27, 9, 80, 3, '', 0, 0, 0, 0, 0, 0, 1, 0, 0, NULL,
        NULL, 0, 0, 0, 0, '00080', 0, '2019-01-05 20:23:19', 0, 0, 0),
       (89, 102, 0, 0, 0, 0, NULL, NULL, '1899-12-30 00:00:00', 3, '', 27, 9, 81, 3, '', 0, 0, 0, 0, 0, 0, 1, 0, 0,
        NULL, NULL, 0, 0, 0, 0, '60081', 0, '2019-01-05 20:23:19', 0, 0, 0),
       (173, 159, 0, 0, 0, 0, NULL, NULL, '1899-12-30 00:00:00', 1, '', 28, 9, 82, 3, '', 0, 0, 0, 0, 0, 0, 1, 0, 0,
        NULL, NULL, 0, 0, 0, 0, '80082', 0, '2019-01-05 20:23:19', 0, 0, 0),
       (218, 159, 0, 0, 0, 0, NULL, NULL, '1899-12-30 00:00:00', 2, '', 28, 9, 83, 3, '', 0, 0, 0, 0, 0, 0, 1, 0, 0,
        NULL, NULL, 0, 0, 0, 0, '40083', 0, '2019-01-05 20:23:19', 0, 0, 0),
       (218, 173, 0, 0, 0, 0, NULL, NULL, '1899-12-30 00:00:00', 3, '', 28, 9, 84, 3, '', 0, 0, 0, 0, 0, 0, 1, 0, 0,
        NULL, NULL, 0, 0, 0, 0, '80084', 0, '2019-01-05 20:23:19', 0, 0, 0),
       (116, 83, 0, 0, 0, 0, NULL, NULL, '1899-12-30 00:00:00', 1, '', 29, 9, 85, 3, '', 0, 0, 0, 0, 0, 0, 1, 0, 0,
        NULL, NULL, 0, 0, 0, 0, '60085', 0, '2019-01-05 20:23:19', 0, 0, 0),
       (120, 181, 0, 0, 0, 0, NULL, NULL, '1899-12-30 00:00:00', 1, '', 30, 9, 86, 7, '', 0, 0, 0, 0, 0, 0, 1, 0, 0,
        NULL, NULL, 0, 0, 0, 0, '00086', 0, '2019-01-05 20:45:43', 0, 0, 0),
       (74, 181, 0, 0, 0, 0, NULL, NULL, '1899-12-30 00:00:00', 2, '', 30, 9, 87, 7, '', 0, 0, 0, 0, 0, 0, 1, 0, 0,
        NULL, NULL, 0, 0, 0, 0, '20087', 0, '2019-01-05 20:45:43', 0, 0, 0),
       (74, 120, 0, 0, 0, 0, NULL, NULL, '1899-12-30 00:00:00', 3, '', 30, 9, 88, 7, '', 0, 0, 0, 0, 0, 0, 1, 0, 0,
        NULL, NULL, 0, 0, 0, 0, '10088', 0, '2019-01-05 20:45:43', 0, 0, 0),
       (204, 65, 0, 0, 0, 0, NULL, NULL, '1899-12-30 00:00:00', 1, '', 31, 9, 89, 7, '', 0, 0, 0, 0, 0, 0, 1, 0, 0,
        NULL, NULL, 0, 0, 0, 0, '80089', 0, '2019-01-05 20:45:43', 0, 0, 0),
       (204, 82, 0, 0, 0, 0, NULL, NULL, '1899-12-30 00:00:00', 2, '', 31, 9, 90, 7, '', 0, 0, 0, 0, 0, 0, 1, 0, 0,
        NULL, NULL, 0, 0, 0, 0, '30090', 0, '2019-01-05 20:45:43', 0, 0, 0),
       (65, 82, 0, 0, 0, 0, NULL, NULL, '1899-12-30 00:00:00', 3, '', 31, 9, 91, 7, '', 0, 0, 0, 0, 0, 0, 1, 0, 0, NULL,
        NULL, 0, 0, 0, 0, '20091', 0, '2019-01-05 20:45:43', 0, 0, 0),
       (216, 195, 0, 0, 0, 0, NULL, NULL, '1899-12-30 00:00:00', 1, '', 32, 9, 92, 7, '', 0, 0, 0, 0, 0, 0, 1, 0, 0,
        NULL, NULL, 0, 0, 0, 0, '00092', 0, '2019-01-05 20:45:43', 0, 0, 0),
       (195, 87, 0, 0, 0, 0, NULL, NULL, '1899-12-30 00:00:00', 2, '', 32, 9, 93, 7, '', 0, 0, 0, 0, 0, 0, 1, 0, 0,
        NULL, NULL, 0, 0, 0, 0, '50093', 0, '2019-01-05 20:45:43', 0, 0, 0),
       (216, 87, 0, 0, 0, 0, NULL, NULL, '1899-12-30 00:00:00', 3, '', 32, 9, 94, 7, '', 0, 0, 0, 0, 0, 0, 1, 0, 0,
        NULL, NULL, 0, 0, 0, 0, '90094', 0, '2019-01-05 20:45:43', 0, 0, 0),
       (196, 165, 0, 0, 0, 0, NULL, NULL, '1899-12-30 00:00:00', 1, '', 33, 9, 95, 7, '', 0, 0, 0, 0, 0, 0, 1, 0, 0,
        NULL, NULL, 0, 0, 0, 0, '90095', 0, '2019-01-05 20:45:43', 0, 0, 0),
       (196, 127, 0, 0, 0, 0, NULL, NULL, '1899-12-30 00:00:00', 2, '', 33, 9, 96, 7, '', 0, 0, 0, 0, 0, 0, 1, 0, 0,
        NULL, NULL, 0, 0, 0, 0, '00096', 0, '2019-01-05 20:45:43', 0, 0, 0),
       (127, 165, 0, 0, 0, 0, NULL, NULL, '1899-12-30 00:00:00', 3, '', 33, 9, 97, 7, '', 0, 0, 0, 0, 0, 0, 1, 0, 0,
        NULL, NULL, 0, 0, 0, 0, '50097', 0, '2019-01-05 20:45:43', 0, 0, 0),
       (207, 208, 0, 0, 0, 0, NULL, NULL, '1899-12-30 00:00:00', 1, '', 34, 9, 98, 7, '', 0, 0, 0, 0, 0, 0, 1, 0, 0,
        NULL, NULL, 0, 0, 0, 0, '90098', 0, '2019-01-05 20:45:43', 0, 0, 0),
       (207, 189, 0, 0, 0, 0, NULL, NULL, '1899-12-30 00:00:00', 2, '', 34, 9, 99, 7, '', 0, 0, 0, 0, 0, 0, 1, 0, 0,
        NULL, NULL, 0, 0, 0, 0, '90099', 0, '2019-01-05 20:45:43', 0, 0, 0),
       (208, 189, 0, 0, 0, 0, NULL, NULL, '1899-12-30 00:00:00', 3, '', 34, 9, 100, 7, '', 0, 0, 0, 0, 0, 0, 1, 0, 0,
        NULL, NULL, 0, 0, 0, 0, '60100', 0, '2019-01-05 20:45:43', 0, 0, 0),
       (179, 94, 0, 0, 0, 0, NULL, NULL, '1899-12-30 00:00:00', 1, '', 35, 9, 101, 7, '', 0, 0, 0, 0, 0, 0, 1, 0, 0,
        NULL, NULL, 0, 0, 0, 0, '50101', 0, '2019-01-05 20:45:43', 0, 0, 0),
       (73, 179, 0, 0, 0, 0, NULL, NULL, '1899-12-30 00:00:00', 2, '', 35, 9, 102, 7, '', 0, 0, 0, 0, 0, 0, 1, 0, 0,
        NULL, NULL, 0, 0, 0, 0, '20102', 0, '2019-01-05 20:45:43', 0, 0, 0),
       (73, 94, 0, 0, 0, 0, NULL, NULL, '1899-12-30 00:00:00', 3, '', 35, 9, 103, 7, '', 0, 0, 0, 0, 0, 0, 1, 0, 0,
        NULL, NULL, 0, 0, 0, 0, '50103', 0, '2019-01-05 20:45:43', 0, 0, 0),
       (186, 203, 0, 0, 0, 0, NULL, NULL, '1899-12-30 00:00:00', 1, '', 36, 9, 104, 7, '', 0, 0, 0, 0, 0, 0, 1, 0, 0,
        NULL, NULL, 0, 0, 0, 0, '70104', 0, '2019-01-05 20:45:43', 0, 0, 0),
       (186, 70, 0, 0, 0, 0, NULL, NULL, '1899-12-30 00:00:00', 2, '', 36, 9, 105, 7, '', 0, 0, 0, 0, 0, 0, 1, 0, 0,
        NULL, NULL, 0, 0, 0, 0, '40105', 0, '2019-01-05 20:45:43', 0, 0, 0),
       (203, 70, 0, 0, 0, 0, NULL, NULL, '1899-12-30 00:00:00', 3, '', 36, 9, 106, 7, '', 0, 0, 0, 0, 0, 0, 1, 0, 0,
        NULL, NULL, 0, 0, 0, 0, '20106', 0, '2019-01-05 20:45:43', 0, 0, 0),
       (191, 155, 0, 0, 0, 0, NULL, NULL, '1899-12-30 00:00:00', 1, '', 37, 9, 107, 7, '', 0, 0, 0, 0, 0, 0, 1, 0, 0,
        NULL, NULL, 0, 0, 0, 0, '00107', 0, '2019-01-05 20:45:43', 0, 0, 0),
       (191, 93, 0, 0, 0, 0, NULL, NULL, '1899-12-30 00:00:00', 2, '', 37, 9, 108, 7, '', 0, 0, 0, 0, 0, 0, 1, 0, 0,
        NULL, NULL, 0, 0, 0, 0, '60108', 0, '2019-01-05 20:45:43', 0, 0, 0),
       (93, 155, 0, 0, 0, 0, NULL, NULL, '1899-12-30 00:00:00', 3, '', 37, 9, 109, 7, '', 0, 0, 0, 0, 0, 0, 1, 0, 0,
        NULL, NULL, 0, 0, 0, 0, '00109', 0, '2019-01-05 20:45:43', 0, 0, 0),
       (206, 182, 0, 0, 0, 0, NULL, NULL, '1899-12-30 00:00:00', 1, '', 38, 9, 110, 7, '', 0, 0, 0, 0, 0, 0, 1, 0, 0,
        NULL, NULL, 0, 0, 0, 0, '80110', 0, '2019-01-05 20:45:43', 0, 0, 0),
       (158, 206, 0, 0, 0, 0, NULL, NULL, '1899-12-30 00:00:00', 2, '', 38, 9, 111, 7, '', 0, 0, 0, 0, 0, 0, 1, 0, 0,
        NULL, NULL, 0, 0, 0, 0, '40111', 0, '2019-01-05 20:45:43', 0, 0, 0),
       (158, 182, 0, 0, 0, 0, NULL, NULL, '1899-12-30 00:00:00', 3, '', 38, 9, 112, 7, '', 0, 0, 0, 0, 0, 0, 1, 0, 0,
        NULL, NULL, 0, 0, 0, 0, '80112', 0, '2019-01-05 20:45:43', 0, 0, 0),
       (96, 154, 0, 0, 0, 0, NULL, NULL, '1899-12-30 00:00:00', 1, '', 39, 9, 113, 7, '', 0, 0, 0, 0, 0, 0, 1, 0, 0,
        NULL, NULL, 0, 0, 0, 0, '20113', 0, '2019-01-05 20:45:43', 0, 0, 0),
       (96, 102, 0, 0, 0, 0, NULL, NULL, '1899-12-30 00:00:00', 2, '', 39, 9, 114, 7, '', 0, 0, 0, 0, 0, 0, 1, 0, 0,
        NULL, NULL, 0, 0, 0, 0, '20114', 0, '2019-01-05 20:45:43', 0, 0, 0),
       (102, 154, 0, 0, 0, 0, NULL, NULL, '1899-12-30 00:00:00', 3, '', 39, 9, 115, 7, '', 0, 0, 0, 0, 0, 0, 1, 0, 0,
        NULL, NULL, 0, 0, 0, 0, '40115', 0, '2019-01-05 20:45:43', 0, 0, 0),
       (185, 98, 0, 0, 0, 0, NULL, NULL, '1899-12-30 00:00:00', 1, '', 40, 9, 116, 7, '', 0, 0, 0, 0, 0, 0, 1, 0, 0,
        NULL, NULL, 0, 0, 0, 0, '00116', 0, '2019-01-05 20:45:43', 0, 0, 0),
       (185, 104, 0, 0, 0, 0, NULL, NULL, '1899-12-30 00:00:00', 2, '', 40, 9, 117, 7, '', 0, 0, 0, 0, 0, 0, 1, 0, 0,
        NULL, NULL, 0, 0, 0, 0, '40117', 0, '2019-01-05 20:45:43', 0, 0, 0),
       (104, 98, 0, 0, 0, 0, NULL, NULL, '1899-12-30 00:00:00', 3, '', 40, 9, 118, 7, '', 0, 0, 0, 0, 0, 0, 1, 0, 0,
        NULL, NULL, 0, 0, 0, 0, '00118', 0, '2019-01-05 20:45:43', 0, 0, 0),
       (121, 59, 0, 0, 0, 0, NULL, NULL, '1899-12-30 00:00:00', 1, '', 41, 9, 119, 7, '', 0, 0, 0, 0, 0, 0, 1, 0, 0,
        NULL, NULL, 0, 0, 0, 0, '50119', 0, '2019-01-05 20:45:43', 0, 0, 0),
       (75, 59, 0, 0, 0, 0, NULL, NULL, '1899-12-30 00:00:00', 2, '', 41, 9, 120, 7, '', 0, 0, 0, 0, 0, 0, 1, 0, 0,
        NULL, NULL, 0, 0, 0, 0, '30120', 0, '2019-01-05 20:45:43', 0, 0, 0),
       (121, 75, 0, 0, 0, 0, NULL, NULL, '1899-12-30 00:00:00', 3, '', 41, 9, 121, 7, '', 0, 0, 0, 0, 0, 0, 1, 0, 0,
        NULL, NULL, 0, 0, 0, 0, '20121', 0, '2019-01-05 20:45:43', 0, 0, 0),
       (217, 162, 0, 0, 0, 0, NULL, NULL, '1899-12-30 00:00:00', 1, '', 42, 9, 122, 7, '', 0, 0, 0, 0, 0, 0, 1, 0, 0,
        NULL, NULL, 0, 0, 0, 0, '90122', 0, '2019-01-05 20:45:43', 0, 0, 0),
       (217, 101, 0, 0, 0, 0, NULL, NULL, '1899-12-30 00:00:00', 2, '', 42, 9, 123, 7, '', 0, 0, 0, 0, 0, 0, 1, 0, 0,
        NULL, NULL, 0, 0, 0, 0, '60123', 0, '2019-01-05 20:45:43', 0, 0, 0),
       (162, 101, 0, 0, 0, 0, NULL, NULL, '1899-12-30 00:00:00', 3, '', 42, 9, 124, 7, '', 0, 0, 0, 0, 0, 0, 1, 0, 0,
        NULL, NULL, 0, 0, 0, 0, '20124', 0, '2019-01-05 20:45:43', 0, 0, 0),
       (159, 172, 0, 0, 0, 0, NULL, NULL, '1899-12-30 00:00:00', 1, '', 43, 9, 125, 7, '', 0, 0, 0, 0, 0, 0, 1, 0, 0,
        NULL, NULL, 0, 0, 0, 0, '90125', 0, '2019-01-05 20:45:43', 0, 0, 0),
       (184, 172, 0, 0, 0, 0, NULL, NULL, '1899-12-30 00:00:00', 2, '', 43, 9, 126, 7, '', 0, 0, 0, 0, 0, 0, 1, 0, 0,
        NULL, NULL, 0, 0, 0, 0, '00126', 0, '2019-01-05 20:45:43', 0, 0, 0),
       (184, 159, 0, 0, 0, 0, NULL, NULL, '1899-12-30 00:00:00', 3, '', 43, 9, 127, 7, '', 0, 0, 0, 0, 0, 0, 1, 0, 0,
        NULL, NULL, 0, 0, 0, 0, '30127', 0, '2019-01-05 20:45:43', 0, 0, 0),
       (213, 97, 0, 0, 0, 0, NULL, NULL, '1899-12-30 00:00:00', 1, '', 44, 9, 128, 7, '', 0, 0, 0, 0, 0, 0, 1, 0, 0,
        NULL, NULL, 0, 0, 0, 0, '50128', 0, '2019-01-05 20:45:43', 0, 0, 0),
       (213, 62, 0, 0, 0, 0, NULL, NULL, '1899-12-30 00:00:00', 2, '', 44, 9, 129, 7, '', 0, 0, 0, 0, 0, 0, 1, 0, 0,
        NULL, NULL, 0, 0, 0, 0, '80129', 0, '2019-01-05 20:45:43', 0, 0, 0),
       (97, 62, 0, 0, 0, 0, NULL, NULL, '1899-12-30 00:00:00', 3, '', 44, 9, 130, 7, '', 0, 0, 0, 0, 0, 0, 1, 0, 0,
        NULL, NULL, 0, 0, 0, 0, '40130', 0, '2019-01-05 20:45:43', 0, 0, 0),
       (160, 202, 0, 0, 0, 0, NULL, NULL, '1899-12-30 00:00:00', 1, '', 45, 9, 131, 7, '', 0, 0, 0, 0, 0, 0, 1, 0, 0,
        NULL, NULL, 0, 0, 0, 0, '80131', 0, '2019-01-05 20:45:43', 0, 0, 0),
       (160, 156, 0, 0, 0, 0, NULL, NULL, '1899-12-30 00:00:00', 2, '', 45, 9, 132, 7, '', 0, 0, 0, 0, 0, 0, 1, 0, 0,
        NULL, NULL, 0, 0, 0, 0, '00132', 0, '2019-01-05 20:45:43', 0, 0, 0),
       (202, 156, 0, 0, 0, 0, NULL, NULL, '1899-12-30 00:00:00', 3, '', 45, 9, 133, 7, '', 0, 0, 0, 0, 0, 0, 1, 0, 0,
        NULL, NULL, 0, 0, 0, 0, '60133', 0, '2019-01-05 20:45:43', 0, 0, 0),
       (176, 214, 0, 0, 0, 0, NULL, NULL, '1899-12-30 00:00:00', 1, '', 46, 9, 134, 7, '', 0, 0, 0, 0, 0, 0, 1, 0, 0,
        NULL, NULL, 0, 0, 0, 0, '90134', 0, '2019-01-05 20:45:43', 0, 0, 0),
       (91, 214, 0, 0, 0, 0, NULL, NULL, '1899-12-30 00:00:00', 2, '', 46, 9, 135, 7, '', 0, 0, 0, 0, 0, 0, 1, 0, 0,
        NULL, NULL, 0, 0, 0, 0, '20135', 0, '2019-01-05 20:45:43', 0, 0, 0),
       (176, 91, 0, 0, 0, 0, NULL, NULL, '1899-12-30 00:00:00', 3, '', 46, 9, 136, 7, '', 0, 0, 0, 0, 0, 0, 1, 0, 0,
        NULL, NULL, 0, 0, 0, 0, '30136', 0, '2019-01-05 20:45:43', 0, 0, 0),
       (167, 197, 0, 0, 0, 0, NULL, NULL, '1899-12-30 00:00:00', 1, '', 47, 9, 137, 7, '', 0, 0, 0, 0, 0, 0, 1, 0, 0,
        NULL, NULL, 0, 0, 0, 0, '90137', 0, '2019-01-05 20:45:43', 0, 0, 0),
       (210, 197, 0, 0, 0, 0, NULL, NULL, '1899-12-30 00:00:00', 2, '', 47, 9, 138, 7, '', 0, 0, 0, 0, 0, 0, 1, 0, 0,
        NULL, NULL, 0, 0, 0, 0, '80138', 0, '2019-01-05 20:45:43', 0, 0, 0),
       (210, 167, 0, 0, 0, 0, NULL, NULL, '1899-12-30 00:00:00', 3, '', 47, 9, 139, 7, '', 0, 0, 0, 0, 0, 0, 1, 0, 0,
        NULL, NULL, 0, 0, 0, 0, '50139', 0, '2019-01-05 20:45:43', 0, 0, 0),
       (188, 180, 0, 0, 0, 0, NULL, NULL, '1899-12-30 00:00:00', 1, '', 48, 9, 140, 7, '', 0, 0, 0, 0, 0, 0, 1, 0, 0,
        NULL, NULL, 0, 0, 0, 0, '90140', 0, '2019-01-05 20:45:43', 0, 0, 0),
       (180, 200, 0, 0, 0, 0, NULL, NULL, '1899-12-30 00:00:00', 2, '', 48, 9, 141, 7, '', 0, 0, 0, 0, 0, 0, 1, 0, 0,
        NULL, NULL, 0, 0, 0, 0, '70141', 0, '2019-01-05 20:45:43', 0, 0, 0),
       (188, 200, 0, 0, 0, 0, NULL, NULL, '1899-12-30 00:00:00', 3, '', 48, 9, 142, 7, '', 0, 0, 0, 0, 0, 0, 1, 0, 0,
        NULL, NULL, 0, 0, 0, 0, '80142', 0, '2019-01-05 20:45:43', 0, 0, 0),
       (173, 168, 0, 0, 0, 0, NULL, NULL, '1899-12-30 00:00:00', 1, '', 49, 9, 143, 7, '', 0, 0, 0, 0, 0, 0, 1, 0, 0,
        NULL, NULL, 0, 0, 0, 0, '30143', 0, '2019-01-05 20:45:43', 0, 0, 0),
       (169, 168, 0, 0, 0, 0, NULL, NULL, '1899-12-30 00:00:00', 2, '', 49, 9, 144, 7, '', 0, 0, 0, 0, 0, 0, 1, 0, 0,
        NULL, NULL, 0, 0, 0, 0, '90144', 0, '2019-01-05 20:45:43', 0, 0, 0),
       (173, 169, 0, 0, 0, 0, NULL, NULL, '1899-12-30 00:00:00', 3, '', 49, 9, 145, 7, '', 0, 0, 0, 0, 0, 0, 1, 0, 0,
        NULL, NULL, 0, 0, 0, 0, '50145', 0, '2019-01-05 20:45:43', 0, 0, 0),
       (157, 83, 0, 0, 0, 0, NULL, NULL, '1899-12-30 00:00:00', 1, '', 50, 9, 146, 7, '', 0, 0, 0, 0, 0, 0, 1, 0, 0,
        NULL, NULL, 0, 0, 0, 0, '80146', 0, '2019-01-05 20:45:43', 0, 0, 0),
       (157, 153, 0, 0, 0, 0, NULL, NULL, '1899-12-30 00:00:00', 2, '', 50, 9, 147, 7, '', 0, 0, 0, 0, 0, 0, 1, 0, 0,
        NULL, NULL, 0, 0, 0, 0, '90147', 0, '2019-01-05 20:45:43', 0, 0, 0),
       (83, 153, 0, 0, 0, 0, NULL, NULL, '1899-12-30 00:00:00', 3, '', 50, 9, 148, 7, '', 0, 0, 0, 0, 0, 0, 1, 0, 0,
        NULL, NULL, 0, 0, 0, 0, '20148', 0, '2019-01-05 20:45:43', 0, 0, 0),
       (193, 124, 0, 0, 0, 0, NULL, NULL, '1899-12-30 00:00:00', 1, '', 51, 9, 149, 7, '', 0, 0, 0, 0, 0, 0, 1, 0, 0,
        NULL, NULL, 0, 0, 0, 0, '00149', 0, '2019-01-05 20:45:43', 0, 0, 0),
       (170, 193, 0, 0, 0, 0, NULL, NULL, '1899-12-30 00:00:00', 2, '', 51, 9, 150, 7, '', 0, 0, 0, 0, 0, 0, 1, 0, 0,
        NULL, NULL, 0, 0, 0, 0, '50150', 0, '2019-01-05 20:45:43', 0, 0, 0),
       (170, 124, 0, 0, 0, 0, NULL, NULL, '1899-12-30 00:00:00', 3, '', 51, 9, 151, 7, '', 0, 0, 0, 0, 0, 0, 1, 0, 0,
        NULL, NULL, 0, 0, 0, 0, '50151', 0, '2019-01-05 20:45:43', 0, 0, 0),
       (212, 175, 0, 0, 0, 0, NULL, NULL, '1899-12-30 00:00:00', 1, '', 52, 9, 152, 7, '', 0, 0, 0, 0, 0, 0, 1, 0, 0,
        NULL, NULL, 0, 0, 0, 0, '30152', 0, '2019-01-05 20:45:43', 0, 0, 0),
       (56, 175, 0, 0, 0, 0, NULL, NULL, '1899-12-30 00:00:00', 2, '', 52, 9, 153, 7, '', 0, 0, 0, 0, 0, 0, 1, 0, 0,
        NULL, NULL, 0, 0, 0, 0, '90153', 0, '2019-01-05 20:45:43', 0, 0, 0),
       (212, 56, 0, 0, 0, 0, NULL, NULL, '1899-12-30 00:00:00', 3, '', 52, 9, 154, 7, '', 0, 0, 0, 0, 0, 0, 1, 0, 0,
        NULL, NULL, 0, 0, 0, 0, '80154', 0, '2019-01-05 20:45:43', 0, 0, 0),
       (201, 64, 0, 0, 0, 0, NULL, NULL, '1899-12-30 00:00:00', 1, '', 53, 9, 155, 7, '', 0, 0, 0, 0, 0, 0, 1, 0, 0,
        NULL, NULL, 0, 0, 0, 0, '10155', 0, '2019-01-05 20:45:43', 0, 0, 0),
       (86, 64, 0, 0, 0, 0, NULL, NULL, '1899-12-30 00:00:00', 2, '', 53, 9, 156, 7, '', 0, 0, 0, 0, 0, 0, 1, 0, 0,
        NULL, NULL, 0, 0, 0, 0, '00156', 0, '2019-01-05 20:45:43', 0, 0, 0),
       (201, 86, 0, 0, 0, 0, NULL, NULL, '1899-12-30 00:00:00', 3, '', 53, 9, 157, 7, '', 0, 0, 0, 0, 0, 0, 1, 0, 0,
        NULL, NULL, 0, 0, 0, 0, '60157', 0, '2019-01-05 20:45:43', 0, 0, 0),
       (166, 209, 0, 0, 0, 0, NULL, NULL, '1899-12-30 00:00:00', 1, '', 54, 9, 158, 7, '', 0, 0, 0, 0, 0, 0, 1, 0, 0,
        NULL, NULL, 0, 0, 0, 0, '30158', 0, '2019-01-05 20:45:43', 0, 0, 0),
       (81, 209, 0, 0, 0, 0, NULL, NULL, '1899-12-30 00:00:00', 2, '', 54, 9, 159, 7, '', 0, 0, 0, 0, 0, 0, 1, 0, 0,
        NULL, NULL, 0, 0, 0, 0, '00159', 0, '2019-01-05 20:45:43', 0, 0, 0),
       (81, 166, 0, 0, 0, 0, NULL, NULL, '1899-12-30 00:00:00', 3, '', 54, 9, 160, 7, '', 0, 0, 0, 0, 0, 0, 1, 0, 0,
        NULL, NULL, 0, 0, 0, 0, '10160', 0, '2019-01-05 20:45:43', 0, 0, 0),
       (194, 190, 0, 0, 0, 0, NULL, NULL, '1899-12-30 00:00:00', 1, '', 55, 9, 161, 7, '', 0, 0, 0, 0, 0, 0, 1, 0, 0,
        NULL, NULL, 0, 0, 0, 0, '10161', 0, '2019-01-05 20:45:43', 0, 0, 0),
       (194, 187, 0, 0, 0, 0, NULL, NULL, '1899-12-30 00:00:00', 2, '', 55, 9, 162, 7, '', 0, 0, 0, 0, 0, 0, 1, 0, 0,
        NULL, NULL, 0, 0, 0, 0, '90162', 0, '2019-01-05 20:45:43', 0, 0, 0),
       (190, 187, 0, 0, 0, 0, NULL, NULL, '1899-12-30 00:00:00', 3, '', 55, 9, 163, 7, '', 0, 0, 0, 0, 0, 0, 1, 0, 0,
        NULL, NULL, 0, 0, 0, 0, '00163', 0, '2019-01-05 20:45:43', 0, 0, 0),
       (171, 108, 0, 0, 0, 0, NULL, NULL, '1899-12-30 00:00:00', 1, '', 56, 9, 164, 7, '', 0, 0, 0, 0, 0, 0, 1, 0, 0,
        NULL, NULL, 0, 0, 0, 0, '80164', 0, '2019-01-05 20:45:43', 0, 0, 0),
       (211, 171, 0, 0, 0, 0, NULL, NULL, '1899-12-30 00:00:00', 2, '', 56, 9, 165, 7, '', 0, 0, 0, 0, 0, 0, 1, 0, 0,
        NULL, NULL, 0, 0, 0, 0, '50165', 0, '2019-01-05 20:45:43', 0, 0, 0),
       (211, 108, 0, 0, 0, 0, NULL, NULL, '1899-12-30 00:00:00', 3, '', 56, 9, 166, 7, '', 0, 0, 0, 0, 0, 0, 1, 0, 0,
        NULL, NULL, 0, 0, 0, 0, '30166', 0, '2019-01-05 20:45:43', 0, 0, 0),
       (178, 199, 0, 0, 0, 0, NULL, NULL, '1899-12-30 00:00:00', 1, '', 57, 9, 167, 7, '', 0, 0, 0, 0, 0, 0, 1, 0, 0,
        NULL, NULL, 0, 0, 0, 0, '40167', 0, '2019-01-05 20:45:43', 0, 0, 0),
       (178, 123, 0, 0, 0, 0, NULL, NULL, '1899-12-30 00:00:00', 2, '', 57, 9, 168, 7, '', 0, 0, 0, 0, 0, 0, 1, 0, 0,
        NULL, NULL, 0, 0, 0, 0, '20168', 0, '2019-01-05 20:45:43', 0, 0, 0),
       (199, 123, 0, 0, 0, 0, NULL, NULL, '1899-12-30 00:00:00', 3, '', 57, 9, 169, 7, '', 0, 0, 0, 0, 0, 0, 1, 0, 0,
        NULL, NULL, 0, 0, 0, 0, '70169', 0, '2019-01-05 20:45:43', 0, 0, 0),
       (161, 126, 0, 0, 0, 0, NULL, NULL, '1899-12-30 00:00:00', 1, '', 58, 9, 170, 7, '', 0, 0, 0, 0, 0, 0, 1, 0, 0,
        NULL, NULL, 0, 0, 0, 0, '90170', 0, '2019-01-05 20:45:43', 0, 0, 0),
       (125, 126, 0, 0, 0, 0, NULL, NULL, '1899-12-30 00:00:00', 2, '', 58, 9, 171, 7, '', 0, 0, 0, 0, 0, 0, 1, 0, 0,
        NULL, NULL, 0, 0, 0, 0, '60171', 0, '2019-01-05 20:45:43', 0, 0, 0),
       (125, 161, 0, 0, 0, 0, NULL, NULL, '1899-12-30 00:00:00', 3, '', 58, 9, 172, 7, '', 0, 0, 0, 0, 0, 0, 1, 0, 0,
        NULL, NULL, 0, 0, 0, 0, '30172', 0, '2019-01-05 20:45:43', 0, 0, 0),
       (100015, 100040, 0, 0, 0, 0, NULL, NULL, '1899-12-30 00:00:00', 0, '', 999, 6, 173, 8, '', 0, 0, 0, 0, 0, 0,
        6001, 0, 0, 0, 0, 0, 0, 0, 0, '10173', 0, '2019-10-25 17:26:43', 0, 0, 0),
       (0, 100020, 0, 100020, 0, 0, NULL, NULL, '1899-12-30 00:00:00', 0, '0=11,0=11,0=11', 999, 6, 174, 8, '0 : 3', 1,
        0, 0, 0, 0, 0, 6002, 0, 0, 0, 0, 0, 33, 0, 3, '00174', 0, '2019-10-25 17:28:53', 0, 0, 0),
       (100034, 100025, 0, 0, 0, 0, NULL, NULL, '1899-12-30 00:00:00', 0, '', 999, 6, 175, 8, '', 0, 0, 0, 0, 0, 0,
        6003, 0, 0, 0, 0, 0, 0, 0, 0, '60175', 0, '2019-10-25 17:26:35', 0, 0, 0),
       (100033, 100007, 0, 0, 0, 0, NULL, NULL, '1899-12-30 00:00:00', 0, '', 999, 6, 176, 8, '', 0, 0, 0, 0, 0, 0,
        6004, 0, 0, 0, 0, 0, 0, 0, 0, '00176', 0, '2019-10-25 17:26:34', 0, 0, 0),
       (100005, 0, 0, 100005, 0, 0, NULL, NULL, '1899-12-30 00:00:00', 0, '11=0,11=0,11=0', 999, 6, 177, 8, '3 : 0', 1,
        0, 0, 0, 0, 0, 6005, 0, 0, 0, 0, 33, 0, 3, 0, '10177', 0, '2019-10-25 17:27:39', 0, 0, 0),
       (100016, 0, 0, 100016, 0, 0, NULL, NULL, '1899-12-30 00:00:00', 0, '11=0,11=0,11=0', 999, 6, 178, 8, '3 : 0', 1,
        0, 0, 0, 0, 0, 6006, 0, 0, 0, 0, 33, 0, 3, 0, '80178', 0, '2019-10-25 17:28:02', 0, 0, 0),
       (100018, 0, 0, 100018, 0, 0, NULL, NULL, '1899-12-30 00:00:00', 0, '11=0,11=0,11=0', 999, 6, 179, 8, '3 : 0', 1,
        0, 0, 0, 0, 0, 6007, 0, 0, 0, 0, 33, 0, 3, 0, '90179', 0, '2019-10-25 17:28:06', 0, 0, 0),
       (100030, 100019, 0, 0, 0, 0, NULL, NULL, '1899-12-30 00:00:00', 0, '', 999, 6, 180, 8, '', 0, 0, 0, 0, 0, 0,
        6008, 0, 0, 0, 0, 0, 0, 0, 0, '90180', 0, '2019-10-25 17:26:31', 0, 0, 0),
       (100038, 100037, 0, 0, 0, 0, NULL, NULL, '1899-12-30 00:00:00', 0, '', 999, 6, 181, 8, '', 0, 0, 0, 0, 0, 0,
        6009, 0, 0, 0, 0, 0, 0, 0, 0, '90181', 0, '2019-10-25 17:26:40', 0, 0, 0),
       (0, 100012, 0, 100012, 0, 0, NULL, NULL, '1899-12-30 00:00:00', 0, '0=11,0=11,0=11', 999, 6, 182, 8, '0 : 3', 1,
        0, 0, 0, 0, 0, 6010, 0, 0, 0, 0, 0, 33, 0, 3, '80182', 0, '2019-10-25 17:28:48', 0, 0, 0),
       (100031, 100026, 0, 0, 0, 0, NULL, NULL, '1899-12-30 00:00:00', 0, '', 999, 6, 183, 8, '', 0, 0, 0, 0, 0, 0,
        6011, 0, 0, 0, 0, 0, 0, 0, 0, '20183', 0, '2019-10-25 17:26:32', 0, 0, 0),
       (0, 100006, 0, 100006, 0, 0, NULL, NULL, '1899-12-30 00:00:00', 0, '0=11,0=11,0=11', 999, 6, 184, 8, '0 : 3', 1,
        0, 0, 0, 0, 0, 6012, 0, 0, 0, 0, 0, 33, 0, 3, '90184', 0, '2019-10-25 17:28:34', 0, 0, 0),
       (100004, 100036, 0, 0, 0, 0, NULL, NULL, '1899-12-30 00:00:00', 0, '', 999, 6, 185, 8, '', 0, 0, 0, 0, 0, 0,
        6013, 0, 0, 0, 0, 0, 0, 0, 0, '00185', 0, '2019-10-25 17:26:38', 0, 0, 0),
       (100027, 100039, 0, 0, 0, 0, NULL, NULL, '1899-12-30 00:00:00', 0, '', 999, 6, 186, 8, '', 0, 0, 0, 0, 0, 0,
        6014, 0, 0, 0, 0, 0, 0, 0, 0, '40186', 0, '2019-10-25 17:26:41', 0, 0, 0),
       (100014, 0, 0, 100014, 0, 0, NULL, NULL, '1899-12-30 00:00:00', 0, '11=0,11=0,11=0', 999, 6, 187, 8, '3 : 0', 1,
        0, 0, 0, 0, 0, 6015, 0, 0, 0, 0, 33, 0, 3, 0, '80187', 0, '2019-10-25 17:27:57', 0, 0, 0),
       (0, 100032, 0, 100032, 0, 0, NULL, NULL, '1899-12-30 00:00:00', 0, '0=11,0=11,0=11', 999, 6, 188, 8, '0 : 3', 1,
        0, 0, 0, 0, 0, 6016, 0, 0, 0, 0, 0, 33, 0, 3, '10188', 0, '2019-10-25 17:29:08', 0, 0, 0),
       (100024, 0, 0, 100024, 0, 0, NULL, NULL, '1899-12-30 00:00:00', 0, '11=0,11=0,11=0', 999, 6, 189, 8, '3 : 0', 1,
        0, 0, 0, 0, 0, 6017, 0, 0, 0, 0, 33, 0, 3, 0, '90189', 0, '2019-10-25 17:28:11', 0, 0, 0),
       (0, 100010, 0, 100010, 0, 0, NULL, NULL, '1899-12-30 00:00:00', 0, '0=11,0=11,0=11', 999, 6, 190, 8, '0 : 3', 1,
        0, 0, 0, 0, 0, 6018, 0, 0, 0, 0, 0, 33, 0, 3, '50190', 0, '2019-10-25 17:28:44', 0, 0, 0),
       (0, 100023, 0, 100023, 0, 0, NULL, NULL, '1899-12-30 00:00:00', 0, '0=11,0=11,0=11', 999, 6, 191, 8, '0 : 3', 1,
        0, 0, 0, 0, 0, 6019, 0, 0, 0, 0, 0, 33, 0, 3, '60191', 0, '2019-10-25 17:29:03', 0, 0, 0),
       (0, 100002, 0, 100002, 0, 0, NULL, NULL, '1899-12-30 00:00:00', 0, '0=11,0=11,0=11', 999, 6, 192, 8, '0 : 3', 1,
        0, 0, 0, 0, 0, 6020, 0, 0, 0, 0, 0, 33, 0, 3, '80192', 0, '2019-10-25 17:28:29', 0, 0, 0),
       (100003, 0, 0, 100003, 0, 0, NULL, NULL, '1899-12-30 00:00:00', 0, '11=0,11=0,11=0', 999, 6, 193, 8, '3 : 0', 1,
        0, 0, 0, 0, 0, 6021, 0, 0, 0, 0, 33, 0, 3, 0, '10193', 0, '2019-10-25 17:27:34', 0, 0, 0),
       (100022, 100035, 0, 0, 0, 0, NULL, NULL, '1899-12-30 00:00:00', 0, '', 999, 6, 194, 8, '', 0, 0, 0, 0, 0, 0,
        6022, 0, 0, 0, 0, 0, 0, 0, 0, '00194', 0, '2019-10-25 17:26:37', 0, 0, 0),
       (100029, 0, 0, 100029, 0, 0, NULL, NULL, '1899-12-30 00:00:00', 0, '11=0,11=0,11=0', 999, 6, 195, 8, '3 : 0', 1,
        0, 0, 0, 0, 0, 6023, 0, 0, 0, 0, 33, 0, 3, 0, '90195', 0, '2019-10-25 17:28:16', 0, 0, 0),
       (0, 100001, 0, 100001, 0, 0, NULL, NULL, '1899-12-30 00:00:00', 0, '0=11,0=11,0=11', 999, 6, 196, 8, '0 : 3', 1,
        0, 0, 0, 0, 0, 6024, 0, 0, 0, 0, 0, 33, 0, 3, '60196', 0, '2019-10-25 17:28:25', 0, 0, 0),
       (100042, 0, 0, 100042, 0, 0, NULL, NULL, '1899-12-30 00:00:00', 0, '11=0,11=0,11=0', 999, 6, 197, 8, '3 : 0', 1,
        0, 0, 0, 0, 0, 6025, 0, 0, 0, 0, 33, 0, 3, 0, '30197', 0, '2019-10-25 17:28:20', 0, 0, 0),
       (100043, 100028, 0, 0, 0, 0, NULL, NULL, '1899-12-30 00:00:00', 0, '', 999, 6, 198, 8, '', 0, 0, 0, 0, 0, 0,
        6026, 0, 0, 0, 0, 0, 0, 0, 0, '70198', 0, '2019-10-25 17:26:46', 0, 0, 0),
       (100041, 100017, 0, 0, 0, 0, NULL, NULL, '1899-12-30 00:00:00', 0, '', 999, 6, 199, 8, '', 0, 0, 0, 0, 0, 0,
        6027, 0, 0, 0, 0, 0, 0, 0, 0, '70199', 0, '2019-10-25 17:26:44', 0, 0, 0),
       (0, 100008, 0, 100008, 0, 0, NULL, NULL, '1899-12-30 00:00:00', 0, '0=11,0=11,0=11', 999, 6, 200, 8, '0 : 3', 1,
        0, 0, 0, 0, 0, 6028, 0, 0, 0, 0, 0, 33, 0, 3, '50200', 0, '2019-10-25 17:28:39', 0, 0, 0),
       (100009, 0, 0, 100009, 0, 0, NULL, NULL, '1899-12-30 00:00:00', 0, '11=0,11=0,11=0', 999, 6, 201, 8, '3 : 0', 1,
        0, 0, 0, 0, 0, 6029, 0, 0, 0, 0, 33, 0, 3, 0, '30201', 0, '2019-10-25 17:27:43', 0, 0, 0),
       (100013, 0, 0, 100013, 0, 0, NULL, NULL, '1899-12-30 00:00:00', 0, '11=0,11=0,11=0', 999, 6, 202, 8, '3 : 0', 1,
        0, 0, 0, 0, 0, 6030, 0, 0, 0, 0, 33, 0, 3, 0, '00202', 0, '2019-10-25 17:27:53', 0, 0, 0),
       (100011, 0, 0, 100011, 0, 0, NULL, NULL, '1899-12-30 00:00:00', 0, '11=0,11=0,11=0', 999, 6, 203, 8, '3 : 0', 1,
        0, 0, 0, 0, 0, 6031, 0, 0, 0, 0, 33, 0, 3, 0, '10203', 0, '2019-10-25 17:27:48', 0, 0, 0),
       (0, 100021, 0, 100021, 0, 0, NULL, NULL, '1899-12-30 00:00:00', 0, '0=11,0=11,0=11', 999, 6, 204, 8, '0 : 3', 1,
        0, 0, 0, 0, 0, 6032, 0, 0, 0, 0, 0, 33, 0, 3, '50204', 0, '2019-10-25 17:28:58', 0, 0, 0),
       (0, 100020, 0, 0, 0, 0, NULL, NULL, '1899-12-30 00:00:00', 0, '', 999, 5, 205, 8, '', 0, 0, 0, 0, 0, 0, 5001, 0,
        0, 0, 0, 0, 0, 0, 0, '40205', 0, '2019-10-25 17:28:55', 0, 0, 0),
       (0, 0, 0, 0, 0, 0, NULL, NULL, '1899-12-30 00:00:00', 22, '', 999, 5, 206, 8, '', 0, 0, 0, 0, 0, 0, 5002, 0, 0,
        NULL, NULL, 0, 0, 0, 0, '40206', 0, '2019-10-25 17:25:35', 0, 0, 0),
       (100005, 100016, 0, 0, 0, 0, NULL, NULL, '1899-12-30 00:00:00', 0, '', 999, 5, 207, 8, '', 0, 0, 0, 0, 0, 0,
        5003, 0, 0, 0, 0, 0, 0, 0, 0, '10207', 0, '2019-10-25 17:28:03', 0, 0, 0),
       (100018, 0, 0, 0, 0, 0, NULL, NULL, '1899-12-30 00:00:00', 0, '', 999, 5, 208, 8, '', 0, 0, 0, 0, 0, 0, 5004, 0,
        0, 0, 0, 0, 0, 0, 0, '30208', 0, '2019-10-25 17:28:08', 0, 0, 0),
       (0, 100012, 0, 0, 0, 0, NULL, NULL, '1899-12-30 00:00:00', 0, '', 999, 5, 209, 8, '', 0, 0, 0, 0, 0, 0, 5005, 0,
        0, 0, 0, 0, 0, 0, 0, '20209', 0, '2019-10-25 17:28:50', 0, 0, 0),
       (0, 100006, 0, 0, 0, 0, NULL, NULL, '1899-12-30 00:00:00', 0, '', 999, 5, 210, 8, '', 0, 0, 0, 0, 0, 0, 5006, 0,
        0, 0, 0, 0, 0, 0, 0, '30210', 0, '2019-10-25 17:28:36', 0, 0, 0),
       (0, 0, 0, 0, 0, 0, NULL, NULL, '1899-12-30 00:00:00', 22, '', 999, 5, 211, 8, '', 0, 0, 0, 0, 0, 0, 5007, 0, 0,
        NULL, NULL, 0, 0, 0, 0, '00211', 0, '2019-10-25 17:25:35', 0, 0, 0),
       (100014, 100032, 0, 0, 0, 0, NULL, NULL, '1899-12-30 00:00:00', 0, '', 999, 5, 212, 8, '', 0, 0, 0, 0, 0, 0,
        5008, 0, 0, 0, 0, 0, 0, 0, 0, '10212', 0, '2019-10-25 17:29:09', 0, 0, 0),
       (100024, 100010, 0, 0, 0, 0, NULL, NULL, '1899-12-30 00:00:00', 0, '', 999, 5, 213, 8, '', 0, 0, 0, 0, 0, 0,
        5009, 0, 0, 0, 0, 0, 0, 0, 0, '30213', 0, '2019-10-25 17:28:45', 0, 0, 0),
       (100023, 100002, 0, 0, 0, 0, NULL, NULL, '1899-12-30 00:00:00', 0, '', 999, 5, 214, 8, '', 0, 0, 0, 0, 0, 0,
        5010, 0, 0, 0, 0, 0, 0, 0, 0, '50214', 0, '2019-10-25 17:29:04', 0, 0, 0),
       (100003, 0, 0, 0, 0, 0, NULL, NULL, '1899-12-30 00:00:00', 0, '', 999, 5, 215, 8, '', 0, 0, 0, 0, 0, 0, 5011, 0,
        0, 0, 0, 0, 0, 0, 0, '50215', 0, '2019-10-25 17:27:36', 0, 0, 0),
       (100029, 100001, 0, 0, 0, 0, NULL, NULL, '1899-12-30 00:00:00', 0, '', 999, 5, 216, 8, '', 0, 0, 0, 0, 0, 0,
        5012, 0, 0, 0, 0, 0, 0, 0, 0, '30216', 0, '2019-10-25 17:28:26', 0, 0, 0),
       (100042, 0, 0, 0, 0, 0, NULL, NULL, '1899-12-30 00:00:00', 0, '', 999, 5, 217, 8, '', 0, 0, 0, 0, 0, 0, 5013, 0,
        0, 0, 0, 0, 0, 0, 0, '80217', 0, '2019-10-25 17:28:22', 0, 0, 0),
       (0, 100008, 0, 0, 0, 0, NULL, NULL, '1899-12-30 00:00:00', 0, '', 999, 5, 218, 8, '', 0, 0, 0, 0, 0, 0, 5014, 0,
        0, 0, 0, 0, 0, 0, 0, '10218', 0, '2019-10-25 17:28:40', 0, 0, 0),
       (100009, 100013, 0, 0, 0, 0, NULL, NULL, '1899-12-30 00:00:00', 0, '', 999, 5, 219, 8, '', 0, 0, 0, 0, 0, 0,
        5015, 0, 0, 0, 0, 0, 0, 0, 0, '10219', 0, '2019-10-25 17:27:54', 0, 0, 0),
       (100011, 100021, 0, 0, 0, 0, NULL, NULL, '1899-12-30 00:00:00', 0, '', 999, 5, 220, 8, '', 0, 0, 0, 0, 0, 0,
        5016, 0, 0, 0, 0, 0, 0, 0, 0, '20220', 0, '2019-10-25 17:29:00', 0, 0, 0),
       (0, 0, 0, 0, 0, 0, NULL, NULL, '1899-12-30 00:00:00', 23, '', 999, 4, 221, 8, '', 0, 0, 0, 0, 0, 0, 4001, 0, 0,
        NULL, NULL, 0, 0, 0, 0, '80221', 0, '2019-10-25 17:25:35', 0, 0, 0),
       (0, 0, 0, 0, 0, 0, NULL, NULL, '1899-12-30 00:00:00', 23, '', 999, 4, 222, 8, '', 0, 0, 0, 0, 0, 0, 4002, 0, 0,
        NULL, NULL, 0, 0, 0, 0, '40222', 0, '2019-10-25 17:25:35', 0, 0, 0),
       (0, 0, 0, 0, 0, 0, NULL, NULL, '1899-12-30 00:00:00', 23, '', 999, 4, 223, 8, '', 0, 0, 0, 0, 0, 0, 4003, 0, 0,
        NULL, NULL, 0, 0, 0, 0, '50223', 0, '2019-10-25 17:25:35', 0, 0, 0),
       (0, 0, 0, 0, 0, 0, NULL, NULL, '1899-12-30 00:00:00', 23, '', 999, 4, 224, 8, '', 0, 0, 0, 0, 0, 0, 4004, 0, 0,
        NULL, NULL, 0, 0, 0, 0, '70224', 0, '2019-10-25 17:25:35', 0, 0, 0),
       (0, 0, 0, 0, 0, 0, NULL, NULL, '1899-12-30 00:00:00', 23, '', 999, 4, 225, 8, '', 0, 0, 0, 0, 0, 0, 4005, 0, 0,
        NULL, NULL, 0, 0, 0, 0, '70225', 0, '2019-10-25 17:25:35', 0, 0, 0),
       (0, 0, 0, 0, 0, 0, NULL, NULL, '1899-12-30 00:00:00', 23, '', 999, 4, 226, 8, '', 0, 0, 0, 0, 0, 0, 4006, 0, 0,
        NULL, NULL, 0, 0, 0, 0, '60226', 0, '2019-10-25 17:25:35', 0, 0, 0),
       (0, 0, 0, 0, 0, 0, NULL, NULL, '1899-12-30 00:00:00', 23, '', 999, 4, 227, 8, '', 0, 0, 0, 0, 0, 0, 4007, 0, 0,
        NULL, NULL, 0, 0, 0, 0, '10227', 0, '2019-10-25 17:25:35', 0, 0, 0),
       (0, 0, 0, 0, 0, 0, NULL, NULL, '1899-12-30 00:00:00', 23, '', 999, 4, 228, 8, '', 0, 0, 0, 0, 0, 0, 4008, 0, 0,
        NULL, NULL, 0, 0, 0, 0, '70228', 0, '2019-10-25 17:25:35', 0, 0, 0),
       (0, 0, 0, 0, 0, 0, NULL, NULL, '1899-12-30 00:00:00', 24, '', 999, 3, 229, 8, '', 0, 0, 0, 0, 0, 0, 3001, 0, 0,
        NULL, NULL, 0, 0, 0, 0, '20229', 0, '2019-10-25 17:25:35', 0, 0, 0),
       (0, 0, 0, 0, 0, 0, NULL, NULL, '1899-12-30 00:00:00', 24, '', 999, 3, 230, 8, '', 0, 0, 0, 0, 0, 0, 3002, 0, 0,
        NULL, NULL, 0, 0, 0, 0, '10230', 0, '2019-10-25 17:25:35', 0, 0, 0),
       (0, 0, 0, 0, 0, 0, NULL, NULL, '1899-12-30 00:00:00', 24, '', 999, 3, 231, 8, '', 0, 0, 0, 0, 0, 0, 3003, 0, 0,
        NULL, NULL, 0, 0, 0, 0, '00231', 0, '2019-10-25 17:25:35', 0, 0, 0),
       (0, 0, 0, 0, 0, 0, NULL, NULL, '1899-12-30 00:00:00', 24, '', 999, 3, 232, 8, '', 0, 0, 0, 0, 0, 0, 3004, 0, 0,
        NULL, NULL, 0, 0, 0, 0, '80232', 0, '2019-10-25 17:25:35', 0, 0, 0),
       (0, 0, 0, 0, 0, 0, NULL, NULL, '1899-12-30 00:00:00', 25, '', 999, 2, 233, 8, '', 0, 0, 0, 0, 0, 0, 2001, 0, 0,
        NULL, NULL, 0, 0, 0, 0, '80233', 0, '2019-10-25 17:25:35', 0, 0, 0),
       (0, 0, 0, 0, 0, 0, NULL, NULL, '1899-12-30 00:00:00', 25, '', 999, 2, 234, 8, '', 0, 0, 0, 0, 0, 0, 2002, 0, 0,
        NULL, NULL, 0, 0, 0, 0, '80234', 0, '2019-10-25 17:25:35', 0, 0, 0),
       (0, 0, 0, 0, 0, 0, NULL, NULL, '1899-12-30 00:00:00', 26, '', 999, 1, 235, 8, '', 0, 0, 0, 0, 0, 0, 1001, 0, 0,
        NULL, NULL, 0, 0, 0, 0, '80235', 0, '2019-10-25 17:25:35', 0, 0, 0),
       (139, 141, 0, 0, 0, 0, NULL, NULL, '1899-12-30 00:00:00', 1, '', 59, 9, 236, 5, '', 0, 0, 0, 0, 0, 0, 1, 0, 0,
        NULL, NULL, 0, 0, 0, 0, '50236', 0, '2019-10-25 17:31:35', 0, 0, 0),
       (134, 146, 0, 0, 0, 0, NULL, NULL, '1899-12-30 00:00:00', 1, '', 59, 9, 237, 5, '', 0, 0, 0, 0, 0, 0, 2, 0, 0,
        NULL, NULL, 0, 0, 0, 0, '20237', 0, '2019-10-25 17:31:35', 0, 0, 0),
       (139, 136, 0, 0, 0, 0, NULL, NULL, '1899-12-30 00:00:00', 2, '', 59, 9, 238, 5, '', 0, 0, 0, 0, 0, 0, 1, 0, 0,
        NULL, NULL, 0, 0, 0, 0, '50238', 0, '2019-10-25 17:31:35', 0, 0, 0),
       (146, 141, 0, 0, 0, 0, NULL, NULL, '1899-12-30 00:00:00', 2, '', 59, 9, 239, 5, '', 0, 0, 0, 0, 0, 0, 2, 0, 0,
        NULL, NULL, 0, 0, 0, 0, '90239', 0, '2019-10-25 17:31:35', 0, 0, 0),
       (134, 136, 0, 0, 0, 0, NULL, NULL, '1899-12-30 00:00:00', 3, '', 59, 9, 240, 5, '', 0, 0, 0, 0, 0, 0, 1, 0, 0,
        NULL, NULL, 0, 0, 0, 0, '00240', 0, '2019-10-25 17:31:35', 0, 0, 0),
       (146, 139, 0, 0, 0, 0, NULL, NULL, '1899-12-30 00:00:00', 3, '', 59, 9, 241, 5, '', 0, 0, 0, 0, 0, 0, 2, 0, 0,
        NULL, NULL, 0, 0, 0, 0, '30241', 0, '2019-10-25 17:31:35', 0, 0, 0),
       (136, 146, 0, 0, 0, 0, NULL, NULL, '1899-12-30 00:00:00', 4, '', 59, 9, 242, 5, '', 0, 0, 0, 0, 0, 0, 1, 0, 0,
        NULL, NULL, 0, 0, 0, 0, '80242', 0, '2019-10-25 17:31:35', 0, 0, 0),
       (134, 141, 0, 0, 0, 0, NULL, NULL, '1899-12-30 00:00:00', 4, '', 59, 9, 243, 5, '', 0, 0, 0, 0, 0, 0, 2, 0, 0,
        NULL, NULL, 0, 0, 0, 0, '20243', 0, '2019-10-25 17:31:35', 0, 0, 0),
       (136, 141, 0, 0, 0, 0, NULL, NULL, '1899-12-30 00:00:00', 5, '', 59, 9, 244, 5, '', 0, 0, 0, 0, 0, 0, 1, 0, 0,
        NULL, NULL, 0, 0, 0, 0, '50244', 0, '2019-10-25 17:31:35', 0, 0, 0),
       (134, 139, 0, 0, 0, 0, NULL, NULL, '1899-12-30 00:00:00', 5, '', 59, 9, 245, 5, '', 0, 0, 0, 0, 0, 0, 2, 0, 0,
        NULL, NULL, 0, 0, 0, 0, '90245', 0, '2019-10-25 17:31:35', 0, 0, 0),
       (145, 135, 0, 0, 0, 0, NULL, NULL, '1899-12-30 00:00:00', 1, '', 60, 9, 246, 5, '', 0, 0, 0, 0, 0, 0, 1, 0, 0,
        NULL, NULL, 0, 0, 0, 0, '10246', 0, '2019-10-25 17:31:36', 0, 0, 0),
       (149, 138, 0, 0, 0, 0, NULL, NULL, '1899-12-30 00:00:00', 1, '', 60, 9, 247, 5, '', 0, 0, 0, 0, 0, 0, 2, 0, 0,
        NULL, NULL, 0, 0, 0, 0, '00247', 0, '2019-10-25 17:31:36', 0, 0, 0),
       (118, 135, 0, 0, 0, 0, NULL, NULL, '1899-12-30 00:00:00', 2, '', 60, 9, 248, 5, '', 0, 0, 0, 0, 0, 0, 1, 0, 0,
        NULL, NULL, 0, 0, 0, 0, '80248', 0, '2019-10-25 17:31:36', 0, 0, 0),
       (149, 145, 0, 0, 0, 0, NULL, NULL, '1899-12-30 00:00:00', 2, '', 60, 9, 249, 5, '', 0, 0, 0, 0, 0, 0, 2, 0, 0,
        NULL, NULL, 0, 0, 0, 0, '90249', 0, '2019-10-25 17:31:36', 0, 0, 0),
       (138, 118, 0, 0, 0, 0, NULL, NULL, '1899-12-30 00:00:00', 3, '', 60, 9, 250, 5, '', 0, 0, 0, 0, 0, 0, 1, 0, 0,
        NULL, NULL, 0, 0, 0, 0, '20250', 0, '2019-10-25 17:31:36', 0, 0, 0),
       (149, 135, 0, 0, 0, 0, NULL, NULL, '1899-12-30 00:00:00', 3, '', 60, 9, 251, 5, '', 0, 0, 0, 0, 0, 0, 2, 0, 0,
        NULL, NULL, 0, 0, 0, 0, '20251', 0, '2019-10-25 17:31:36', 0, 0, 0),
       (149, 118, 0, 0, 0, 0, NULL, NULL, '1899-12-30 00:00:00', 4, '', 60, 9, 252, 5, '', 0, 0, 0, 0, 0, 0, 1, 0, 0,
        NULL, NULL, 0, 0, 0, 0, '50252', 0, '2019-10-25 17:31:36', 0, 0, 0),
       (138, 145, 0, 0, 0, 0, NULL, NULL, '1899-12-30 00:00:00', 4, '', 60, 9, 253, 5, '', 0, 0, 0, 0, 0, 0, 2, 0, 0,
        NULL, NULL, 0, 0, 0, 0, '80253', 0, '2019-10-25 17:31:36', 0, 0, 0),
       (118, 145, 0, 0, 0, 0, NULL, NULL, '1899-12-30 00:00:00', 5, '', 60, 9, 254, 5, '', 0, 0, 0, 0, 0, 0, 1, 0, 0,
        NULL, NULL, 0, 0, 0, 0, '80254', 0, '2019-10-25 17:31:36', 0, 0, 0),
       (138, 135, 0, 0, 0, 0, NULL, NULL, '1899-12-30 00:00:00', 5, '', 60, 9, 255, 5, '', 0, 0, 0, 0, 0, 0, 2, 0, 0,
        NULL, NULL, 0, 0, 0, 0, '70255', 0, '2019-10-25 17:31:36', 0, 0, 0),
       (144, 150, 0, 0, 0, 0, NULL, NULL, '1899-12-30 00:00:00', 1, '', 61, 9, 256, 5, '', 0, 0, 0, 0, 0, 0, 1, 0, 0,
        NULL, NULL, 0, 0, 0, 0, '20256', 0, '2019-10-25 17:31:36', 0, 0, 0),
       (143, 151, 0, 0, 0, 0, NULL, NULL, '1899-12-30 00:00:00', 1, '', 61, 9, 257, 5, '', 0, 0, 0, 0, 0, 0, 2, 0, 0,
        NULL, NULL, 0, 0, 0, 0, '40257', 0, '2019-10-25 17:31:36', 0, 0, 0),
       (137, 150, 0, 0, 0, 0, NULL, NULL, '1899-12-30 00:00:00', 2, '', 61, 9, 258, 5, '', 0, 0, 0, 0, 0, 0, 1, 0, 0,
        NULL, NULL, 0, 0, 0, 0, '40258', 0, '2019-10-25 17:31:36', 0, 0, 0),
       (144, 143, 0, 0, 0, 0, NULL, NULL, '1899-12-30 00:00:00', 2, '', 61, 9, 259, 5, '', 0, 0, 0, 0, 0, 0, 2, 0, 0,
        NULL, NULL, 0, 0, 0, 0, '90259', 0, '2019-10-25 17:31:36', 0, 0, 0),
       (151, 137, 0, 0, 0, 0, NULL, NULL, '1899-12-30 00:00:00', 3, '', 61, 9, 260, 5, '', 0, 0, 0, 0, 0, 0, 1, 0, 0,
        NULL, NULL, 0, 0, 0, 0, '20260', 0, '2019-10-25 17:31:36', 0, 0, 0),
       (143, 150, 0, 0, 0, 0, NULL, NULL, '1899-12-30 00:00:00', 3, '', 61, 9, 261, 5, '', 0, 0, 0, 0, 0, 0, 2, 0, 0,
        NULL, NULL, 0, 0, 0, 0, '30261', 0, '2019-10-25 17:31:36', 0, 0, 0),
       (143, 137, 0, 0, 0, 0, NULL, NULL, '1899-12-30 00:00:00', 4, '', 61, 9, 262, 5, '', 0, 0, 0, 0, 0, 0, 1, 0, 0,
        NULL, NULL, 0, 0, 0, 0, '80262', 0, '2019-10-25 17:31:36', 0, 0, 0),
       (144, 151, 0, 0, 0, 0, NULL, NULL, '1899-12-30 00:00:00', 4, '', 61, 9, 263, 5, '', 0, 0, 0, 0, 0, 0, 2, 0, 0,
        NULL, NULL, 0, 0, 0, 0, '40263', 0, '2019-10-25 17:31:36', 0, 0, 0),
       (137, 144, 0, 0, 0, 0, NULL, NULL, '1899-12-30 00:00:00', 5, '', 61, 9, 264, 5, '', 0, 0, 0, 0, 0, 0, 1, 0, 0,
        NULL, NULL, 0, 0, 0, 0, '60264', 0, '2019-10-25 17:31:36', 0, 0, 0),
       (151, 150, 0, 0, 0, 0, NULL, NULL, '1899-12-30 00:00:00', 5, '', 61, 9, 265, 5, '', 0, 0, 0, 0, 0, 0, 2, 0, 0,
        NULL, NULL, 0, 0, 0, 0, '80265', 0, '2019-10-25 17:31:36', 0, 0, 0),
       (147, 140, 0, 0, 0, 0, NULL, NULL, '1899-12-30 00:00:00', 1, '', 62, 9, 266, 5, '', 0, 0, 0, 0, 0, 0, 1, 0, 0,
        NULL, NULL, 0, 0, 0, 0, '10266', 0, '2019-10-25 17:31:36', 0, 0, 0),
       (78, 148, 0, 0, 0, 0, NULL, NULL, '1899-12-30 00:00:00', 1, '', 62, 9, 267, 5, '', 0, 0, 0, 0, 0, 0, 2, 0, 0,
        NULL, NULL, 0, 0, 0, 0, '30267', 0, '2019-10-25 17:31:36', 0, 0, 0),
       (140, 148, 0, 0, 0, 0, NULL, NULL, '1899-12-30 00:00:00', 2, '', 62, 9, 268, 5, '', 0, 0, 0, 0, 0, 0, 1, 0, 0,
        NULL, NULL, 0, 0, 0, 0, '30268', 0, '2019-10-25 17:31:36', 0, 0, 0),
       (147, 78, 0, 0, 0, 0, NULL, NULL, '1899-12-30 00:00:00', 2, '', 62, 9, 269, 5, '', 0, 0, 0, 0, 0, 0, 2, 0, 0,
        NULL, NULL, 0, 0, 0, 0, '70269', 0, '2019-10-25 17:31:36', 0, 0, 0),
       (140, 78, 0, 0, 0, 0, NULL, NULL, '1899-12-30 00:00:00', 3, '', 62, 9, 270, 5, '', 0, 0, 0, 0, 0, 0, 1, 0, 0,
        NULL, NULL, 0, 0, 0, 0, '50270', 0, '2019-10-25 17:31:36', 0, 0, 0),
       (148, 147, 0, 0, 0, 0, NULL, NULL, '1899-12-30 00:00:00', 3, '', 62, 9, 271, 5, '', 0, 0, 0, 0, 0, 0, 2, 0, 0,
        NULL, NULL, 0, 0, 0, 0, '40271', 0, '2019-10-25 17:31:36', 0, 0, 0);

INSERT INTO `matchtype` (`MaTy_ID`, `MaTy_Name`, `MaTy_Timestamp`, `MaTy_Player`)
VALUES (1, 'Finale', '2022-11-03 18:42:13', 2),
       (2, 'Halbfinale', '2022-11-03 18:42:13', 4),
       (3, 'Viertelfinale', '2022-11-03 18:42:13', 8),
       (4, 'Achtelfinale', '2022-11-03 18:42:13', 16),
       (5, 'Runde 3', '2022-11-03 18:42:13', 32),
       (6, 'Runde 2', '2022-11-03 18:42:13', 64),
       (7, 'Runde 1', '2022-11-03 18:42:13', 128),
       (8, 'Spiel um Platz 3', '2022-11-03 18:42:13', 16),
       (9, 'Gruppenspiel', '2022-11-03 18:42:13', 999),
       (10, 'Top48/ER Runde 1', '2022-11-03 18:42:13', 24),
       (11, 'Top48/ER Runde 2', '2022-11-03 18:42:13', 16),
       (12, 'Top48/ER Runde 3', '2022-11-03 18:42:13', 8),
       (13, 'Top48/ER Runde 4', '2022-11-03 18:42:13', 16),
       (14, 'Top48/ER Runde 5', '2022-11-03 18:42:13', 24);

INSERT INTO `player` (`Play_ID`, `Play_FirstName`, `Play_LastName`, `Play_Type_ID`, `Play_BirthDate`, `Play_Club_ID`,
                      `Play_Paid`, `Play_seed`, `Play_FirstNameShort`, `Play_ExternalID`, `Play_Quote`,
                      `Play_Foreigner`, `Play_Nationality`, `Play_TTR`, `Play_TTRPos`, `Play_TTRStr`, `Play_ClickTTID`,
                      `Play_StartNr`, `Play_Sex`, `Play_Email`, `Play_PLZ`, `Play_Location`, `Play_Street`,
                      `Play_TelNr`, `Play_Timestamp`, `Play_LicenseNr`)
VALUES (54, 'David', 'Adkins', NULL, '2002-01-01 00:00:00', 1, 0, NULL, 'Da', 0, NULL, 0, 'DE', 1289, NULL, NULL,
        'NU1523586', NULL, 'M', NULL, NULL, NULL, NULL, NULL, '2019-01-03 18:21:45', '08013229|'),
       (55, 'Michel', 'Bauer', NULL, '2001-01-01 00:00:00', 1, 0, NULL, 'Mi', 0, NULL, 0, 'DE', 1379, NULL, NULL,
        'NU1315114', NULL, 'M', NULL, NULL, NULL, NULL, NULL, '2019-01-03 18:21:45', '08013212|'),
       (56, 'Jürgen', 'Dresel', NULL, '1984-01-01 00:00:00', 7, 0, NULL, 'Jü', 0, NULL, 0, 'DE', 1623, NULL, NULL,
        'NU178929', NULL, 'M', NULL, NULL, NULL, NULL, NULL, '2019-01-03 18:21:45', '25009019|'),
       (57, 'Bernd', 'Eisenbeis', NULL, '1972-01-01 00:00:00', 55, 0, NULL, 'Be', 0, NULL, 0, 'DE', 1528, NULL, NULL,
        'NU131584', NULL, 'M', NULL, NULL, NULL, NULL, NULL, '2019-01-03 18:21:45', '12017013|'),
       (58, 'Jannik', 'Frey', NULL, '1996-01-01 00:00:00', 56, 0, NULL, 'Ja', 0, NULL, 0, 'DE', 1823, NULL, NULL,
        'NU1072297', NULL, 'M', NULL, NULL, NULL, NULL, NULL, '2019-01-03 18:21:45', '143236|'),
       (59, 'Ivan', 'Garic', NULL, '1996-01-01 00:00:00', 53, 0, NULL, 'Iv', 0, NULL, 0, 'HR', 0, NULL, NULL,
        'NU2112312', NULL, 'M', NULL, NULL, NULL, NULL, NULL, '2019-01-03 18:21:45', '11036282|'),
       (60, 'Christoph', 'Gau', NULL, '1991-01-01 00:00:00', 16, 0, NULL, 'Ch', 0, NULL, 0, 'DE', 1819, NULL, NULL,
        'NU451481', NULL, 'M', NULL, NULL, NULL, NULL, NULL, '2019-01-03 18:21:45', '73356|'),
       (61, 'Daniel', 'Gerstle', NULL, '1990-01-01 00:00:00', 6, 0, NULL, 'Da', 0, NULL, 0, 'DE', 1714, NULL, NULL,
        'NU1240283', NULL, 'M', NULL, NULL, NULL, NULL, NULL, '2019-01-03 18:21:45', '102846|'),
       (62, 'Nima', 'Ghaffari', NULL, '2003-01-01 00:00:00', 57, 0, NULL, 'Ni', 0, NULL, 0, 'DE', 1650, NULL, NULL,
        'NU1375364', NULL, 'M', NULL, NULL, NULL, NULL, NULL, '2019-01-03 18:21:45', '171598|'),
       (63, 'Andreas', 'Glebov', NULL, '1998-01-01 00:00:00', 37, 0, NULL, 'An', 0, NULL, 0, 'DE', 1749, NULL, NULL,
        'NU981977', NULL, 'M', NULL, NULL, NULL, NULL, NULL, '2019-01-03 18:21:45', '140573|'),
       (64, 'Pavo', 'Golemac', NULL, '1993-01-01 00:00:00', 58, 0, NULL, 'Pa', 0, NULL, 0, 'HR', 1426, NULL, NULL,
        'NU452053', NULL, 'M', NULL, NULL, NULL, NULL, NULL, '2019-01-03 18:21:45', '74545|'),
       (65, 'Enrico-Maurice', 'Graf', NULL, '1982-01-01 00:00:00', 59, 0, NULL, 'En', 0, NULL, 0, 'DE', 1599, NULL,
        NULL, 'NU1709676', NULL, 'M', NULL, NULL, NULL, NULL, NULL, '2019-01-03 18:21:45', '446122|'),
       (66, 'Dietmar', 'Becker', NULL, '1954-01-01 00:00:00', 9, 0, NULL, 'Di', 0, NULL, 0, 'DE', 1341, NULL, NULL,
        'NU135101', NULL, 'M', NULL, NULL, NULL, NULL, NULL, '2019-01-03 18:21:45', '08072011|'),
       (67, 'Konrad', 'Greinwald', NULL, '1991-01-01 00:00:00', 49, 0, NULL, 'Ko', 0, NULL, 1, 'DE', 1696, NULL, NULL,
        'NU172244', NULL, 'M', NULL, NULL, NULL, NULL, NULL, '2019-01-03 18:21:45', '22034106|'),
       (68, 'Achim', 'Heinle', NULL, '1981-01-01 00:00:00', 60, 0, NULL, 'Ac', 0, NULL, 0, 'DE', 1708, NULL, NULL,
        'NU440228', NULL, 'M', NULL, NULL, NULL, NULL, NULL, '2019-01-03 18:21:45', '53746|'),
       (69, 'Eric', 'Hermel', NULL, '1995-01-01 00:00:00', 16, 0, NULL, 'Er', 0, NULL, 0, 'DE', 1758, NULL, NULL,
        'NU172189', NULL, 'M', NULL, NULL, NULL, NULL, NULL, '2019-01-03 18:21:45', '220278|'),
       (70, 'Jörg', 'Hirsch', NULL, '1974-01-01 00:00:00', 61, 0, NULL, 'Jö', 0, NULL, 0, 'DE', 1682, NULL, NULL,
        'NU616145', NULL, 'M', NULL, NULL, NULL, NULL, NULL, '2019-01-03 18:21:45', '116191|'),
       (71, 'Swen', 'Janson', NULL, '1971-01-01 00:00:00', 62, 0, NULL, 'Sw', 0, NULL, 0, 'DE', 1787, NULL, NULL,
        'NU449455', NULL, 'M', NULL, NULL, NULL, NULL, NULL, '2019-01-03 18:21:45', '74845|'),
       (72, 'Louis', 'Jentschke', NULL, '2003-01-01 00:00:00', 7, 0, NULL, 'Lo', 0, NULL, 0, 'DE', 1520, NULL, NULL,
        'NU1686606', NULL, 'M', NULL, NULL, NULL, NULL, NULL, '2019-01-03 18:21:45', '25009238|'),
       (73, 'Marin', 'Jerkovic', NULL, '1997-01-01 00:00:00', 63, 0, NULL, 'Ma', 0, NULL, 0, 'HR', 1687, NULL, NULL,
        'NU865226', NULL, 'M', NULL, NULL, NULL, NULL, NULL, '2019-01-03 18:21:45', '130613|'),
       (74, 'Frank', 'Jänicke', NULL, '1999-01-01 00:00:00', 37, 0, NULL, 'Fr', 0, NULL, 0, 'DE', 1696, NULL, NULL,
        'NU1255281', NULL, 'M', NULL, NULL, NULL, NULL, NULL, '2019-01-03 18:21:45', '159055|'),
       (75, 'Wulf', 'Kaschkat', NULL, '1945-01-01 00:00:00', 7, 0, NULL, 'Wu', 0, NULL, 0, 'DE', 1656, NULL, NULL,
        'NU412679', NULL, 'M', NULL, NULL, NULL, NULL, NULL, '2019-01-03 18:21:45', '25009246|'),
       (76, 'Stefan', 'Klemens', NULL, '1997-01-01 00:00:00', 64, 0, NULL, 'St', 0, NULL, 0, 'DE', 1787, NULL, NULL,
        'NU612025', NULL, 'M', NULL, NULL, NULL, NULL, NULL, '2019-01-03 18:21:45', '21026286|'),
       (77, 'Niclas', 'Beckert', NULL, '1999-01-01 00:00:00', 8, 0, NULL, 'Ni', 0, NULL, 0, 'DE', 1411, NULL, NULL,
        'NU1073669', NULL, 'M', NULL, NULL, NULL, NULL, NULL, '2019-01-03 18:21:45', '25032109|'),
       (78, 'Lisa', 'Klett', NULL, '2002-01-01 00:00:00', 65, 0, NULL, 'Li', 0, NULL, 0, 'DE', 1664, NULL, NULL,
        'NU1417864', NULL, 'W', NULL, NULL, NULL, NULL, NULL, '2019-01-03 18:21:45', '01006355|'),
       (79, 'Hans-Jörg', 'Klump', NULL, '1957-01-01 00:00:00', 66, 0, NULL, 'Ha', 0, NULL, 0, 'DE', 1775, NULL, NULL,
        'NU434922', NULL, 'M', NULL, NULL, NULL, NULL, NULL, '2019-01-03 18:21:45', '7998|'),
       (80, 'Florian', 'Koch', NULL, '1987-01-01 00:00:00', 67, 0, NULL, 'Fl', 0, NULL, 0, 'DE', 1863, NULL, NULL,
        'NU177994', NULL, 'M', NULL, NULL, NULL, NULL, NULL, '2019-01-03 18:21:45', '25020178|'),
       (81, 'Jan Thomas', 'Kronich', NULL, '2003-01-01 00:00:00', 68, 0, NULL, 'Ja', 0, NULL, 0, 'DE', 1619, NULL, NULL,
        'NU1300943', NULL, 'M', NULL, NULL, NULL, NULL, NULL, '2019-01-03 18:21:45', '03037121|'),
       (82, 'Alejandro', 'Kussler Suárez', NULL, '2001-01-01 00:00:00', 37, 0, NULL, 'Al', 0, NULL, 0, 'DE', 1694, NULL,
        NULL, 'NU1318450', NULL, 'M', NULL, NULL, NULL, NULL, NULL, '2019-01-03 18:21:45', '166058|'),
       (83, 'Felix', 'Köhler', NULL, '1998-01-01 00:00:00', 61, 0, NULL, 'Fe', 0, NULL, 0, 'DE', 1584, NULL, NULL,
        'NU452525', NULL, 'M', NULL, NULL, NULL, NULL, NULL, '2019-01-03 18:21:45', '74678|'),
       (84, 'Sven', 'Körner', NULL, '1984-01-01 00:00:00', 51, 0, NULL, 'Sv', 0, NULL, 0, 'DE', 1841, NULL, NULL,
        'NU155365', NULL, 'M', NULL, NULL, NULL, NULL, NULL, '2019-01-03 18:21:45', '05030264|'),
       (85, 'Jan-Hendrik', 'Kühni', NULL, '1993-01-01 00:00:00', 45, 0, NULL, 'Ja', 0, NULL, 0, 'DE', 1772, NULL, NULL,
        'NU450238', NULL, 'M', NULL, NULL, NULL, NULL, NULL, '2019-01-03 18:21:45', '205848|'),
       (86, 'Niklas', 'Lederer', NULL, '1992-01-01 00:00:00', 29, 0, NULL, 'Ni', 0, NULL, 0, 'DE', 1620, NULL, NULL,
        'NU906247', NULL, 'M', NULL, NULL, NULL, NULL, NULL, '2019-01-03 18:21:45', '132151|'),
       (87, 'Martin', 'Lehmann', NULL, '1965-01-01 00:00:00', 69, 0, NULL, 'Ma', 0, NULL, 0, 'DE', 1693, NULL, NULL,
        'NU182706', NULL, 'M', NULL, NULL, NULL, NULL, NULL, '2019-01-03 18:21:45', '24045125|'),
       (88, 'Stefan', 'Bell', NULL, '1972-01-01 00:00:00', 10, 0, NULL, 'St', 0, NULL, 0, 'DE', 1256, NULL, NULL,
        'NU139960', NULL, 'M', NULL, NULL, NULL, NULL, NULL, '2019-01-03 18:21:45', '05041260|'),
       (89, 'Sascha', 'Lürtzener', NULL, '1986-01-01 00:00:00', 6, 0, NULL, 'Sa', 0, NULL, 0, 'DE', 1758, NULL, NULL,
        'NU1240305', NULL, 'M', NULL, NULL, NULL, NULL, NULL, '2019-01-03 18:21:45', '106018|'),
       (90, 'Francesco', 'Maragioglio', NULL, '1982-01-01 00:00:00', 50, 0, NULL, 'Fr', 0, NULL, 1, 'IT', 1768, NULL,
        NULL, 'NU600319', NULL, 'M', NULL, NULL, NULL, NULL, NULL, '2019-01-03 18:21:45', '208760|'),
       (91, 'Simo', 'Marijic', NULL, '1972-01-01 00:00:00', 70, 0, NULL, 'Si', 0, NULL, 0, 'DE', 1643, NULL, NULL,
        'NU179081', NULL, 'M', NULL, NULL, NULL, NULL, NULL, '2019-01-03 18:21:45', '25011018|'),
       (92, 'Patrick', 'Mößner', NULL, '1988-01-01 00:00:00', 44, 0, NULL, 'Pa', 0, NULL, 0, 'DE', 1835, NULL, NULL,
        'NU443195', NULL, 'M', NULL, NULL, NULL, NULL, NULL, '2019-01-03 18:21:45', '61408|'),
       (93, 'Henry', 'Müller', NULL, '1996-01-01 00:00:00', 71, 0, NULL, 'He', 0, NULL, 0, 'DE', 1679, NULL, NULL,
        'NU943015', NULL, 'M', NULL, NULL, NULL, NULL, NULL, '2019-01-03 18:21:45', '24015268|'),
       (94, 'Thomas', 'Nicoleit', NULL, '1985-01-01 00:00:00', 72, 0, NULL, 'Th', 0, NULL, 0, 'DE', 1520, NULL, NULL,
        'NU443980', NULL, 'M', NULL, NULL, NULL, NULL, NULL, '2019-01-03 18:21:45', '221558|'),
       (95, 'Tim Julian', 'Oelze', NULL, '1999-01-01 00:00:00', 67, 0, NULL, 'Ti', 0, NULL, 0, 'DE', 1740, NULL, NULL,
        'NU722866', NULL, 'M', NULL, NULL, NULL, NULL, NULL, '2019-01-03 18:21:45', '25020136|'),
       (96, 'Alexander', 'Opolka', NULL, '1989-01-01 00:00:00', 8, 0, NULL, 'Al', 0, NULL, 0, 'DE', 1564, NULL, NULL,
        'NU176252', NULL, 'M', NULL, NULL, NULL, NULL, NULL, '2019-01-03 18:21:45', '25032042|'),
       (97, 'Sven', 'Pflieger', NULL, '1996-01-01 00:00:00', 49, 0, NULL, 'Sv', 0, NULL, 0, 'DE', 1575, NULL, NULL,
        'NU683026', NULL, 'M', NULL, NULL, NULL, NULL, NULL, '2019-01-03 18:21:45', '22034136|'),
       (98, 'Tim', 'Pflieger', NULL, '1996-01-01 00:00:00', 49, 0, NULL, 'Ti', 0, NULL, 0, 'DE', 1597, NULL, NULL,
        'NU683025', NULL, 'M', NULL, NULL, NULL, NULL, NULL, '2019-01-03 18:21:45', '22034135|'),
       (99, 'Axel', 'Biermann', NULL, '1994-01-01 00:00:00', 11, 0, NULL, 'Ax', 0, NULL, 0, 'DE', 1447, NULL, NULL,
        'NU463101', NULL, 'M', NULL, NULL, NULL, NULL, NULL, '2019-01-03 18:21:45', '105146|'),
       (100, 'Remy', 'Pham', NULL, '2002-01-01 00:00:00', 44, 0, NULL, 'Re', 0, NULL, 0, 'DE', 1807, NULL, NULL,
        'NU1224008', NULL, 'M', NULL, NULL, NULL, NULL, NULL, '2019-01-03 18:21:45', '156174|'),
       (101, 'Ivan', 'Ramljak', NULL, '1974-01-01 00:00:00', 70, 0, NULL, 'Iv', 0, NULL, 0, 'DE', 1654, NULL, NULL,
        'NU179085', NULL, 'M', NULL, NULL, NULL, NULL, NULL, '2019-01-03 18:21:45', '25011025|'),
       (102, 'Arthur', 'Rannaud', NULL, '2000-01-01 00:00:00', 53, 0, NULL, 'Ar', 0, NULL, 0, 'DE', 1669, NULL, NULL,
        'NU1201479', NULL, 'M', NULL, NULL, NULL, NULL, NULL, '2019-01-03 18:21:45', '11036196|'),
       (103, 'Levin', 'Rath', NULL, '2003-01-01 00:00:00', 73, 0, NULL, 'Le', 0, NULL, 0, 'DE', 1816, NULL, NULL,
        'NU1175583', NULL, 'M', NULL, NULL, NULL, NULL, NULL, '2019-01-03 18:21:45', '08074495|'),
       (104, 'Kai', 'Rathfelder', NULL, '1974-01-01 00:00:00', 74, 0, NULL, 'Ka', 0, NULL, 0, 'DE', 1665, NULL, NULL,
        'NU138743', NULL, 'M', NULL, NULL, NULL, NULL, NULL, '2019-01-03 18:21:45', '06016035|'),
       (105, 'Paul', 'Rebsam', NULL, '1988-01-01 00:00:00', 50, 0, NULL, 'Pa', 0, NULL, 0, 'DE', 1834, NULL, NULL,
        'NU441630', NULL, 'M', NULL, NULL, NULL, NULL, NULL, '2019-01-03 18:21:45', '64411|'),
       (106, 'Max', 'Reich', NULL, '1986-01-01 00:00:00', 38, 0, NULL, 'Ma', 0, NULL, 0, 'DE', 1718, NULL, NULL,
        'NU1709442', NULL, 'M', NULL, NULL, NULL, NULL, NULL, '2019-01-03 18:21:45', '199399|'),
       (107, 'Jan', 'Reinig', NULL, '1998-01-01 00:00:00', 37, 0, NULL, 'Ja', 0, NULL, 0, 'DE', 1803, NULL, NULL,
        'NU202184', NULL, 'M', NULL, NULL, NULL, NULL, NULL, '2019-01-03 18:21:45', '208978|'),
       (108, 'Philipp', 'Riedel', NULL, '1992-01-01 00:00:00', 29, 0, NULL, 'Ph', 0, NULL, 0, 'DE', 1596, NULL, NULL,
        'NU162919', NULL, 'M', NULL, NULL, NULL, NULL, NULL, '2019-01-03 18:21:45', '237798|'),
       (109, 'Stefan', 'Ruby', NULL, '1993-01-01 00:00:00', 45, 0, NULL, 'St', 0, NULL, 0, 'DE', 1897, NULL, NULL,
        'NU452270', NULL, 'M', NULL, NULL, NULL, NULL, NULL, '2019-01-03 18:21:45', '205837|'),
       (110, 'Kevin', 'Bonowitz', NULL, '1996-01-01 00:00:00', 12, 0, NULL, 'Ke', 0, NULL, 0, 'DE', 1219, NULL, NULL,
        'NU915027', NULL, 'M', NULL, NULL, NULL, NULL, NULL, '2019-01-03 18:21:45', '12036103|'),
       (111, 'Wilhelm', 'Sauerborn', NULL, '1954-01-01 00:00:00', 75, 0, NULL, 'Wi', 0, NULL, 0, 'DE', 1590, NULL, NULL,
        'NU135629', NULL, 'M', NULL, NULL, NULL, NULL, NULL, '2019-01-03 18:21:45', '08054232|'),
       (112, 'Aleksandar', 'Savanovic', NULL, '1995-01-01 00:00:00', 76, 0, NULL, 'Al', 0, NULL, 0, 'DE', 1820, NULL,
        NULL, 'NU772987', NULL, 'M', NULL, NULL, NULL, NULL, NULL, '2019-01-03 18:21:45', '126331|'),
       (113, 'Gunter', 'Schmid', NULL, '1971-01-01 00:00:00', 49, 0, NULL, 'Gu', 0, NULL, 0, 'DE', 1862, NULL, NULL,
        'NU185285', NULL, 'M', NULL, NULL, NULL, NULL, NULL, '2019-01-03 18:21:45', '22034068|'),
       (114, 'Finn', 'Schmidt', NULL, '2001-01-01 00:00:00', 16, 0, NULL, 'Fi', 0, NULL, 0, 'DE', 1734, NULL, NULL,
        'NU1126861', NULL, 'M', NULL, NULL, NULL, NULL, NULL, '2019-01-03 18:21:45', '148855|'),
       (115, 'Axel', 'Schorradt', NULL, '1961-01-01 00:00:00', 51, 0, NULL, 'Ax', 0, NULL, 0, 'DE', 1709, NULL, NULL,
        'NU139663', NULL, 'M', NULL, NULL, NULL, NULL, NULL, '2019-01-03 18:21:45', '05030106|'),
       (116, 'Hermann', 'Schwenker', NULL, '1989-01-01 00:00:00', 52, 0, NULL, 'He', 0, NULL, 0, 'DE', 1708, NULL, NULL,
        'NU159995', NULL, 'M', NULL, NULL, NULL, NULL, NULL, '2019-01-03 18:21:45', '12033080|'),
       (117, 'Marcel', 'Sezginer', NULL, '1995-01-01 00:00:00', 52, 0, NULL, 'Ma', 0, NULL, 0, 'DE', 1705, NULL, NULL,
        'NU504305', NULL, 'M', NULL, NULL, NULL, NULL, NULL, '2019-01-03 18:21:45', '12033127|'),
       (118, 'Anja', 'Skokanitsch', NULL, '1992-01-01 00:00:00', 77, 0, NULL, 'An', 0, NULL, 0, 'DE', 1700, NULL, NULL,
        'NU157587', NULL, 'W', NULL, NULL, NULL, NULL, NULL, '2019-01-03 18:21:45', '01033212|'),
       (119, 'Marc', 'Skokanitsch', NULL, '1993-01-01 00:00:00', 77, 0, NULL, 'Ma', 0, NULL, 0, 'DE', 1785, NULL, NULL,
        'NU5295', NULL, 'M', NULL, NULL, NULL, NULL, NULL, '2019-01-03 18:21:45', '01033001|'),
       (120, 'Daniel', 'Stellrecht', NULL, '1986-01-01 00:00:00', 58, 0, NULL, 'Da', 0, NULL, 0, 'DE', 1521, NULL, NULL,
        'NU446487', NULL, 'M', NULL, NULL, NULL, NULL, NULL, '2019-01-03 18:21:45', '69391|'),
       (121, 'Michael', 'Brenner', NULL, '1968-01-01 00:00:00', 13, 0, NULL, 'Mi', 0, NULL, 0, 'DE', 1386, NULL, NULL,
        'NU73659', NULL, 'M', NULL, NULL, NULL, NULL, NULL, '2019-01-03 18:21:45', '158056|'),
       (122, 'Michael', 'Stößer', NULL, '1954-01-01 00:00:00', 78, 0, NULL, 'Mi', 0, NULL, 0, 'DE', 1669, NULL, NULL,
        'NU446491', NULL, 'M', NULL, NULL, NULL, NULL, NULL, '2019-01-03 18:21:45', '69395|'),
       (123, 'Eugen', 'Stückert', NULL, '1989-01-01 00:00:00', 29, 0, NULL, 'Eu', 0, NULL, 0, 'DE', 1611, NULL, NULL,
        'NU72983', NULL, 'M', NULL, NULL, NULL, NULL, NULL, '2019-01-03 18:21:45', '181904|'),
       (124, 'Alexander', 'Sverdlik', NULL, '2003-01-01 00:00:00', 79, 0, NULL, 'Al', 0, NULL, 0, 'DE', 1601, NULL,
        NULL, 'NU1574027', NULL, 'M', NULL, NULL, NULL, NULL, NULL, '2019-01-03 18:21:45', '03002486|'),
       (125, 'Paul', 'Thomas', NULL, '1999-01-01 00:00:00', 37, 0, NULL, 'Pa', 0, NULL, 0, 'DE', 1610, NULL, NULL,
        'NU1634287', NULL, 'M', NULL, NULL, NULL, NULL, NULL, '2019-01-03 18:21:45', '194898|'),
       (126, 'Roberto', 'Urli', NULL, '1989-01-01 00:00:00', 33, 0, NULL, 'Ro', 0, NULL, 0, 'DE', 1537, NULL, NULL,
        'NU8560', NULL, 'M', NULL, NULL, NULL, NULL, NULL, '2019-01-03 18:21:45', '24004113|'),
       (127, 'Gordon', 'Vogt', NULL, '2003-01-01 00:00:00', 79, 0, NULL, 'Go', 0, NULL, 0, 'DE', 1691, NULL, NULL,
        'NU1354472', NULL, 'M', NULL, NULL, NULL, NULL, NULL, '2019-01-03 18:21:45', '03002527|'),
       (128, 'Philippe', 'Vujacic', NULL, '1984-01-01 00:00:00', 48, 0, NULL, 'Ph', 0, NULL, 0, 'DE', 1889, NULL, NULL,
        'NU156679', NULL, 'M', NULL, NULL, NULL, NULL, NULL, '2019-01-03 18:21:45', '14008093|'),
       (129, 'Patrick', 'Wagner', NULL, '1990-01-01 00:00:00', 48, 0, NULL, 'Pa', 0, NULL, 0, 'DE', 1780, NULL, NULL,
        'NU143990', NULL, 'M', NULL, NULL, NULL, NULL, NULL, '2019-01-03 18:21:45', '14008005|'),
       (130, 'Karsten', 'Weis', NULL, '1990-01-01 00:00:00', 29, 0, NULL, 'Ka', 0, NULL, 0, 'DE', 1734, NULL, NULL,
        'NU451193', NULL, 'M', NULL, NULL, NULL, NULL, NULL, '2019-01-03 18:21:45', '72143|'),
       (131, 'Christoph', 'Wiemer', NULL, '1992-01-01 00:00:00', 64, 0, NULL, 'Ch', 0, NULL, 0, 'DE', 1764, NULL, NULL,
        'NU64109', NULL, 'M', NULL, NULL, NULL, NULL, NULL, '2019-01-03 18:21:45', '21026272|'),
       (132, 'Christina', 'Cabanas', NULL, '1981-01-01 00:00:00', 6, 0, NULL, 'Ch', 0, NULL, 0, 'DE', 0, NULL, NULL,
        'NU2095477', NULL, 'W', NULL, NULL, NULL, NULL, NULL, '2019-01-03 18:21:45', '134460|'),
       (133, 'Sebastian', 'Wolf', NULL, '1996-01-01 00:00:00', 80, 0, NULL, 'Se', 0, NULL, 0, 'DE', 1739, NULL, NULL,
        'NU421957', NULL, 'M', NULL, NULL, NULL, NULL, NULL, '2019-01-03 18:21:45', '22026150|'),
       (134, 'Jette Melina', 'Chatzidis', NULL, '2001-01-01 00:00:00', 1, 0, NULL, 'Je', 0, NULL, 0, 'DE', 1242, NULL,
        NULL, 'NU1322725', NULL, 'W', NULL, NULL, NULL, NULL, NULL, '2019-01-03 18:21:45', '08013215|'),
       (135, 'Sabine', 'Dippold', NULL, '1972-01-01 00:00:00', 37, 0, NULL, 'Sa', 0, NULL, 1, 'AT', 1446, NULL, NULL,
        'NU437512', NULL, 'W', NULL, NULL, NULL, NULL, NULL, '2019-01-03 18:21:45', '28667|'),
       (136, 'Dorothea', 'Edelmann', NULL, '1993-01-01 00:00:00', 81, 0, NULL, 'Do', 0, NULL, 0, 'DE', 1536, NULL, NULL,
        'NU470650', NULL, 'W', NULL, NULL, NULL, NULL, NULL, '2019-01-03 18:21:45', '175574|'),
       (137, 'Elena', 'Hinterberger', NULL, '2003-01-01 00:00:00', 37, 0, NULL, 'El', 0, NULL, 0, 'DE', 1685, NULL,
        NULL, 'NU1372646', NULL, 'W', NULL, NULL, NULL, NULL, NULL, '2019-01-03 18:21:45', '223839|'),
       (138, 'Hanna', 'Hofmann', NULL, '1999-01-01 00:00:00', 82, 0, NULL, 'Ha', 0, NULL, 0, 'DE', 976, NULL, NULL,
        'NU957988', NULL, 'W', NULL, NULL, NULL, NULL, NULL, '2019-01-03 18:21:45', '07025079|'),
       (139, 'Sabine', 'Jakoby', NULL, '1977-01-01 00:00:00', 37, 0, NULL, 'Sa', 0, NULL, 0, 'DE', 1529, NULL, NULL,
        'NU438784', NULL, 'W', NULL, NULL, NULL, NULL, NULL, '2019-01-03 18:21:45', '49019|'),
       (140, 'Kiara', 'Maurer', NULL, '2000-01-01 00:00:00', 16, 0, NULL, 'Ki', 0, NULL, 0, 'DE', 1677, NULL, NULL,
        'NU994814', NULL, 'W', NULL, NULL, NULL, NULL, NULL, '2019-01-03 18:21:45', '207999|'),
       (141, 'Lisa', 'Mayer', NULL, '1994-01-01 00:00:00', 37, 0, NULL, 'Li', 0, NULL, 0, 'DE', 1735, NULL, NULL,
        'NU130371', NULL, 'W', NULL, NULL, NULL, NULL, NULL, '2019-01-03 18:21:45', '220958|'),
       (142, 'Marcel', 'Charrier', NULL, '2000-01-01 00:00:00', 14, 0, NULL, 'Ma', 0, NULL, 0, 'DE', 1373, NULL, NULL,
        'NU1490826', NULL, 'M', NULL, NULL, NULL, NULL, NULL, '2019-01-03 18:21:45', '178819|'),
       (143, 'Lara', 'Pitz-Jung', NULL, '1995-01-01 00:00:00', 16, 0, NULL, 'La', 0, NULL, 0, 'DE', 1412, NULL, NULL,
        'NU450032', NULL, 'W', NULL, NULL, NULL, NULL, NULL, '2019-01-03 18:21:45', '72937|'),
       (144, 'Lisa', 'Prautzsch', NULL, '2000-01-01 00:00:00', 83, 0, NULL, 'Li', 0, NULL, 0, 'DE', 1596, NULL, NULL,
        'NU994730', NULL, 'W', NULL, NULL, NULL, NULL, NULL, '2019-01-03 18:21:45', '142502|'),
       (145, 'Carolin', 'Reisig', NULL, '1993-01-01 00:00:00', 37, 0, NULL, 'Ca', 0, NULL, 0, 'DE', 1662, NULL, NULL,
        'NU447949', NULL, 'W', NULL, NULL, NULL, NULL, NULL, '2019-01-03 18:21:45', '69893|'),
       (146, 'Selina', 'Rothengass', NULL, '2000-01-01 00:00:00', 84, 0, NULL, 'Se', 0, NULL, 0, 'DE', 1485, NULL, NULL,
        'NU1137127', NULL, 'W', NULL, NULL, NULL, NULL, NULL, '2019-01-03 18:21:45', '149694|'),
       (147, 'Berit', 'Rupprecht', NULL, '2001-01-01 00:00:00', 84, 0, NULL, 'Be', 0, NULL, 0, 'DE', 1312, NULL, NULL,
        'NU1230322', NULL, 'W', NULL, NULL, NULL, NULL, NULL, '2019-01-03 18:21:45', '157535|'),
       (148, 'Kerstin', 'Schikorra', NULL, '1980-01-01 00:00:00', 37, 0, NULL, 'Ke', 0, NULL, 0, 'DE', 1441, NULL, NULL,
        'NU1821266', NULL, 'W', NULL, NULL, NULL, NULL, NULL, '2019-01-03 18:21:45', '208378|'),
       (149, 'Katharina', 'Schneider', NULL, '2004-01-01 00:00:00', 73, 0, NULL, 'Ka', 0, NULL, 0, 'DE', 1203, NULL,
        NULL, 'NU1581981', NULL, 'W', NULL, NULL, NULL, NULL, NULL, '2019-01-03 18:21:45', '08074466|'),
       (150, 'Ramona', 'Stickel', NULL, '1998-01-01 00:00:00', 1, 0, NULL, 'Ra', 0, NULL, 0, 'DE', 968, NULL, NULL,
        'NU1337884', NULL, 'W', NULL, NULL, NULL, NULL, NULL, '2019-01-03 18:21:45', '08013209|'),
       (151, 'Sarah', 'Vaas', NULL, '1996-01-01 00:00:00', 43, 0, NULL, 'Sa', 0, NULL, 0, 'DE', 1402, NULL, NULL,
        'NU1348806', NULL, 'W', NULL, NULL, NULL, NULL, NULL, '2019-01-03 18:21:45', '27059|'),
       (152, 'Alexander', 'David', NULL, '1969-01-01 00:00:00', 15, 0, NULL, 'Al', 0, NULL, 0, 'DE', 1237, NULL, NULL,
        'NU1080553', NULL, 'M', NULL, NULL, NULL, NULL, NULL, '2019-01-03 18:21:45', '12006169|'),
       (153, 'Gerd', 'Arnold', NULL, '1952-01-01 00:00:00', 79, 0, NULL, 'Ge', 0, NULL, 0, 'DE', 1628, NULL, NULL,
        'NU158402', NULL, 'M', NULL, NULL, NULL, NULL, NULL, '2019-01-03 18:21:45', '03002004|'),
       (154, 'Florian', 'Atlas', NULL, '1997-01-01 00:00:00', 15, 0, NULL, 'Fl', 0, NULL, 0, 'DE', 1610, NULL, NULL,
        'NU491282', NULL, 'M', NULL, NULL, NULL, NULL, NULL, '2019-01-03 18:21:45', '12006148|'),
       (155, 'Florian', 'Ball', NULL, '1990-01-01 00:00:00', 85, 0, NULL, 'Fl', 0, NULL, 1, 'DE', 1482, NULL, NULL,
        'NU172469', NULL, 'M', NULL, NULL, NULL, NULL, NULL, '2019-01-03 18:21:45', '25003019|'),
       (156, 'Louis', 'Bambach', NULL, '2002-01-01 00:00:00', 47, 0, NULL, 'Lo', 0, NULL, 0, 'DE', 1645, NULL, NULL,
        'NU1616481', NULL, 'M', NULL, NULL, NULL, NULL, NULL, '2019-01-03 18:21:45', '311037521|'),
       (157, 'Jens', 'Bauer', NULL, '1995-01-01 00:00:00', 7, 0, NULL, 'Je', 0, NULL, 1, 'DE', 1388, NULL, NULL,
        'NU300288', NULL, 'M', NULL, NULL, NULL, NULL, NULL, '2019-01-03 18:21:45', '25009144|'),
       (158, 'Benjamin', 'Bauermeister', NULL, '1997-01-01 00:00:00', 16, 0, NULL, 'Be', 0, NULL, 0, 'DE', 1676, NULL,
        NULL, 'NU585028', NULL, 'M', NULL, NULL, NULL, NULL, NULL, '2019-01-03 18:21:45', '111171|'),
       (159, 'Roland', 'Bergbach', NULL, '1972-01-01 00:00:00', 49, 0, NULL, 'Ro', 0, NULL, 0, 'DE', 1585, NULL, NULL,
        'NU175327', NULL, 'M', NULL, NULL, NULL, NULL, NULL, '2019-01-03 18:21:45', '22034173|'),
       (160, 'Fabio', 'Bianzano', NULL, '2000-01-01 00:00:00', 16, 0, NULL, 'Fa', 0, NULL, 0, 'DE', 1388, NULL, NULL,
        'NU593397', NULL, 'M', NULL, NULL, NULL, NULL, NULL, '2019-01-03 18:21:45', '112775|'),
       (161, 'Kirill', 'Biller', NULL, '1987-01-01 00:00:00', 50, 0, NULL, 'Ki', 0, NULL, 0, 'DE', 1560, NULL, NULL,
        'NU449966', NULL, 'M', NULL, NULL, NULL, NULL, NULL, '2019-01-03 18:21:45', '75030|'),
       (162, 'Preetam', 'Bissessur', NULL, '1988-01-01 00:00:00', 16, 0, NULL, 'Pr', 0, NULL, 0, 'MU', 1525, NULL, NULL,
        'NU1992538', NULL, 'M', NULL, NULL, NULL, NULL, NULL, '2019-01-03 18:21:45', '228638|'),
       (163, 'Klaus-Dieter', 'Albrecht', NULL, '1946-01-01 00:00:00', 2, 0, NULL, 'Kl', 0, NULL, 0, 'DE', 1395, NULL,
        NULL, 'NU407069', NULL, 'M', NULL, NULL, NULL, NULL, NULL, '2019-01-03 18:21:45', '216158|'),
       (164, 'Tobias', 'David', NULL, '1997-01-01 00:00:00', 15, 0, NULL, 'To', 0, NULL, 0, 'DE', 1107, NULL, NULL,
        'NU1080564', NULL, 'M', NULL, NULL, NULL, NULL, NULL, '2019-01-03 18:21:45', '12006177|'),
       (165, 'Eric', 'Braun', NULL, '1989-01-01 00:00:00', 39, 0, NULL, 'Er', 0, NULL, 0, 'LU', 1569, NULL, NULL,
        'NU1777310', NULL, 'M', NULL, NULL, NULL, NULL, NULL, '2019-01-03 18:21:45', '205119|'),
       (166, 'Marcel', 'Braun', NULL, '1981-01-01 00:00:00', 51, 0, NULL, 'Ma', 0, NULL, 0, 'DE', 1552, NULL, NULL,
        'NU165242', NULL, 'M', NULL, NULL, NULL, NULL, NULL, '2019-01-03 18:21:45', '05030134|'),
       (167, 'Frank', 'Burkhard', NULL, '1967-01-01 00:00:00', 85, 0, NULL, 'Fr', 0, NULL, 0, 'DE', 1508, NULL, NULL,
        'NU947127', NULL, 'M', NULL, NULL, NULL, NULL, NULL, '2019-01-03 18:21:45', '25003077|'),
       (168, 'Daniel', 'Caroppo', NULL, '1976-01-01 00:00:00', 15, 0, NULL, 'Da', 0, NULL, 0, 'DE', 1543, NULL, NULL,
        'NU131784', NULL, 'M', NULL, NULL, NULL, NULL, NULL, '2019-01-03 18:21:45', '12006229|'),
       (169, 'Carlo', 'Clemense', NULL, '1987-01-01 00:00:00', 86, 0, NULL, 'Ca', 0, NULL, 0, 'IT', 1628, NULL, NULL,
        'NU449512', NULL, 'M', NULL, NULL, NULL, NULL, NULL, '2019-01-03 18:21:45', '207802|'),
       (170, 'Doan Phi', 'Dang', NULL, '1994-01-01 00:00:00', 52, 0, NULL, 'Do', 0, NULL, 0, 'DE', 1623, NULL, NULL,
        'NU149946', NULL, 'M', NULL, NULL, NULL, NULL, NULL, '2019-01-03 18:21:45', '12033185|'),
       (171, 'Luca', 'Demisch', NULL, '2001-01-01 00:00:00', 53, 0, NULL, 'Lu', 0, NULL, 0, 'DE', 1532, NULL, NULL,
        'NU1467164', NULL, 'M', NULL, NULL, NULL, NULL, NULL, '2019-01-03 18:21:45', '11036228|'),
       (172, 'Tobias', 'Dihlmann', NULL, '1999-01-01 00:00:00', 16, 0, NULL, 'To', 0, NULL, 0, 'DE', 1495, NULL, NULL,
        'NU621684', NULL, 'M', NULL, NULL, NULL, NULL, NULL, '2019-01-03 18:21:45', '116451|'),
       (173, 'Markus', 'Dobler', NULL, '1983-01-01 00:00:00', 54, 0, NULL, 'Ma', 0, NULL, 0, 'DE', 1588, NULL, NULL,
        'NU441919', NULL, 'M', NULL, NULL, NULL, NULL, NULL, '2019-01-03 18:21:45', '64598|'),
       (174, 'Matthias', 'Dihlmann', NULL, '1960-01-01 00:00:00', 16, 0, NULL, 'Ma', 0, NULL, 0, 'DE', 1375, NULL, NULL,
        'NU1124484', NULL, 'M', NULL, NULL, NULL, NULL, NULL, '2019-01-03 18:21:45', '148294|'),
       (175, 'Miodrag', 'Filipovic', NULL, '1998-01-01 00:00:00', 21, 0, NULL, 'Mi', 0, NULL, 1, 'RS', 1426, NULL, NULL,
        'NU1258655', NULL, 'M', NULL, NULL, NULL, NULL, NULL, '2019-01-03 18:21:45', '25013109|'),
       (176, 'Julian', 'Held', NULL, '1999-01-01 00:00:00', 16, 0, NULL, 'Ju', 0, NULL, 0, 'DE', 1499, NULL, NULL,
        'NU1169318', NULL, 'M', NULL, NULL, NULL, NULL, NULL, '2019-01-03 18:21:45', '152738|'),
       (177, 'Alexander', 'Echle', NULL, '1983-01-01 00:00:00', 4, 0, NULL, 'Al', 0, NULL, 0, 'DE', 1104, NULL, NULL,
        'NU1262113', NULL, 'M', NULL, NULL, NULL, NULL, NULL, '2019-01-03 18:21:45', '24057112|'),
       (178, 'Nebojsa', 'Kacar', NULL, '2001-01-01 00:00:00', 22, 0, NULL, 'Ne', 0, NULL, 1, 'HR', 1425, NULL, NULL,
        'NU1830709', NULL, 'M', NULL, NULL, NULL, NULL, NULL, '2019-01-03 18:21:45', '210978|'),
       (179, 'Slavko', 'Karakas', NULL, '1963-01-01 00:00:00', 85, 0, NULL, 'Sl', 0, NULL, 0, 'DE', 1459, NULL, NULL,
        'NU178596', NULL, 'M', NULL, NULL, NULL, NULL, NULL, '2019-01-03 18:21:45', '25003052|'),
       (180, 'Anton', 'Kirsamer', NULL, '2002-01-01 00:00:00', 7, 0, NULL, 'An', 0, NULL, 0, 'DE', 1489, NULL, NULL,
        'NU1706853', NULL, 'M', NULL, NULL, NULL, NULL, NULL, '2019-01-03 18:21:45', '25009243|'),
       (181, 'Markus', 'Kohler', NULL, '1976-01-01 00:00:00', 7, 0, NULL, 'Ma', 0, NULL, 0, 'DE', 1339, NULL, NULL,
        'NU178940', NULL, 'M', NULL, NULL, NULL, NULL, NULL, '2019-01-03 18:21:45', '25009044|'),
       (182, 'Stephan', 'Lange', NULL, '1990-01-01 00:00:00', 27, 0, NULL, 'St', 0, NULL, 0, 'DE', 1415, NULL, NULL,
        'NU634224', NULL, 'M', NULL, NULL, NULL, NULL, NULL, '2019-01-03 18:21:45', '08060272|'),
       (183, 'Tobias', 'Eilemann', NULL, '2003-01-01 00:00:00', 1, 0, NULL, 'To', 0, NULL, 0, 'DE', 841, NULL, NULL,
        'NU1816027', NULL, 'M', NULL, NULL, NULL, NULL, NULL, '2019-01-03 18:21:45', '08013227|'),
       (184, 'Christian', 'Loose', NULL, '1981-01-01 00:00:00', 85, 0, NULL, 'Ch', 0, NULL, 0, 'DE', 1651, NULL, NULL,
        'NU178969', NULL, 'M', NULL, NULL, NULL, NULL, NULL, '2019-01-03 18:21:46', '25003074|'),
       (185, 'Markus', 'Lutz', NULL, '1974-01-01 00:00:00', 29, 0, NULL, 'Ma', 0, NULL, 0, 'DE', 1468, NULL, NULL,
        'NU155980', NULL, 'M', NULL, NULL, NULL, NULL, NULL, '2019-01-03 18:21:46', '175575|'),
       (186, 'David', 'Löffler', NULL, '1984-01-01 00:00:00', 87, 0, NULL, 'Da', 0, NULL, 0, 'DE', 1463, NULL, NULL,
        'NU449691', NULL, 'M', NULL, NULL, NULL, NULL, NULL, '2019-01-03 18:21:46', '125620|'),
       (187, 'Paul', 'Löffler', NULL, '1987-01-01 00:00:00', 87, 0, NULL, 'Pa', 0, NULL, 0, 'DE', 1614, NULL, NULL,
        'NU1238213', NULL, 'M', NULL, NULL, NULL, NULL, NULL, '2019-01-03 18:21:46', '105926|'),
       (188, 'Phu', 'Mai', NULL, '2003-01-01 00:00:00', 79, 0, NULL, 'Ph', 0, NULL, 0, 'DE', 1517, NULL, NULL,
        'NU1231792', NULL, 'M', NULL, NULL, NULL, NULL, NULL, '2019-01-03 18:21:46', '03002526|'),
       (189, 'Viktor', 'Marijic', NULL, '1983-01-01 00:00:00', 85, 0, NULL, 'Vi', 0, NULL, 0, 'DE', 1689, NULL, NULL,
        'NU178239', NULL, 'M', NULL, NULL, NULL, NULL, NULL, '2019-01-03 18:21:46', '25003135|'),
       (190, 'Torsten', 'Mehlhorn', NULL, '1968-01-01 00:00:00', 7, 0, NULL, 'To', 0, NULL, 1, 'DE', 1466, NULL, NULL,
        'NU171731', NULL, 'M', NULL, NULL, NULL, NULL, NULL, '2019-01-03 18:21:46', '25009136|'),
       (191, 'Simon', 'Merz', NULL, '2001-01-01 00:00:00', 33, 0, NULL, 'Si', 0, NULL, 0, 'DE', 1413, NULL, NULL,
        'NU1645147', NULL, 'M', NULL, NULL, NULL, NULL, NULL, '2019-01-03 18:21:46', '24004136|'),
       (192, 'Philipp', 'Endres', NULL, '1992-01-01 00:00:00', 17, 0, NULL, 'Ph', 0, NULL, 0, 'DE', 1452, NULL, NULL,
        'NU1006162', NULL, 'M', NULL, NULL, NULL, NULL, NULL, '2019-01-03 18:21:46', '101041258|'),
       (193, 'Nico', 'Neumaier', NULL, '2003-01-01 00:00:00', 71, 0, NULL, 'Ni', 0, NULL, 0, 'DE', 1463, NULL, NULL,
        'NU1288453', NULL, 'M', NULL, NULL, NULL, NULL, NULL, '2019-01-03 18:21:46', '24015207|'),
       (194, 'David', 'Nowak', NULL, '2002-01-01 00:00:00', 33, 0, NULL, 'Da', 0, NULL, 0, 'DE', 1263, NULL, NULL,
        'NU1404843', NULL, 'M', NULL, NULL, NULL, NULL, NULL, '2019-01-03 18:21:46', '24004125|'),
       (195, 'Sener', 'Oguz', NULL, '1979-01-01 00:00:00', 35, 0, NULL, 'Se', 0, NULL, 0, 'DE', 1490, NULL, NULL,
        'NU180086', NULL, 'M', NULL, NULL, NULL, NULL, NULL, '2019-01-03 18:21:46', '154003257|'),
       (196, 'Andreas', 'Paul', NULL, '1986-01-01 00:00:00', 42, 0, NULL, 'An', 0, NULL, 0, 'DE', 1544, NULL, NULL,
        'NU177827', NULL, 'M', NULL, NULL, NULL, NULL, NULL, '2019-01-03 18:21:46', '25022031|'),
       (197, 'Nikita', 'Pfannenstiel', NULL, '2000-01-01 00:00:00', 1, 0, NULL, 'Ni', 0, NULL, 0, 'DE', 1376, NULL,
        NULL, 'NU1315112', NULL, 'M', NULL, NULL, NULL, NULL, NULL, '2019-01-03 18:21:46', '08013216|'),
       (198, 'Rico', 'Garbatzki', NULL, '1976-01-01 00:00:00', 14, 0, NULL, 'Ri', 0, NULL, 0, 'DE', 1204, NULL, NULL,
        'NU440695', NULL, 'M', NULL, NULL, NULL, NULL, NULL, '2019-01-03 18:21:46', '54318|'),
       (199, 'Pradeep', 'Ramakrishna', NULL, '1972-01-01 00:00:00', 88, 0, NULL, 'Pr', 0, NULL, 1, 'IN', 1457, NULL,
        NULL, 'NU1619486', NULL, 'M', NULL, NULL, NULL, NULL, NULL, '2019-01-03 18:21:46', '14001289|'),
       (200, 'Gerhard', 'Reichelt', NULL, '1962-01-01 00:00:00', 50, 0, NULL, 'Ge', 0, NULL, 0, 'DE', 1629, NULL, NULL,
        'NU436617', NULL, 'M', NULL, NULL, NULL, NULL, NULL, '2019-01-03 18:21:46', '209298|'),
       (201, 'Robin', 'Reichelt', NULL, '1987-01-01 00:00:00', 36, 0, NULL, 'Ro', 0, NULL, 0, 'DE', 1483, NULL, NULL,
        'NU1099954', NULL, 'M', NULL, NULL, NULL, NULL, NULL, '2019-01-03 18:21:46', '144894|'),
       (202, 'Christian', 'Reith', NULL, '1984-01-01 00:00:00', 24, 0, NULL, 'Ch', 0, NULL, 0, 'DE', 1449, NULL, NULL,
        'NU915206', NULL, 'M', NULL, NULL, NULL, NULL, NULL, '2019-01-03 18:21:46', '133191|'),
       (203, 'André', 'Rieger', NULL, '1982-01-01 00:00:00', 72, 0, NULL, 'An', 0, NULL, 0, 'DE', 1499, NULL, NULL,
        'NU443153', NULL, 'M', NULL, NULL, NULL, NULL, NULL, '2019-01-03 18:21:46', '59151|'),
       (204, 'Andreas', 'Riehl', NULL, '1985-01-01 00:00:00', 6, 0, NULL, 'An', 0, NULL, 0, 'DE', 1520, NULL, NULL,
        'NU1240314', NULL, 'M', NULL, NULL, NULL, NULL, NULL, '2019-01-03 18:21:46', '107754|'),
       (205, 'Mathis', 'Genthner', NULL, '1998-01-01 00:00:00', 15, 0, NULL, 'Ma', 0, NULL, 0, 'DE', 1263, NULL, NULL,
        'NU656746', NULL, 'M', NULL, NULL, NULL, NULL, NULL, '2019-01-03 18:21:46', '12006158|'),
       (206, 'Jessica', 'Schmieg', NULL, '2001-01-01 00:00:00', 33, 0, NULL, 'Je', 0, NULL, 0, 'DE', 1326, NULL, NULL,
        'NU1357805', NULL, 'W', NULL, NULL, NULL, NULL, NULL, '2019-01-03 18:21:46', '24004122|'),
       (207, 'Phillip', 'Schneider', NULL, '1992-01-01 00:00:00', 38, 0, NULL, 'Ph', 0, NULL, 0, 'DE', 1415, NULL, NULL,
        'NU446991', NULL, 'M', NULL, NULL, NULL, NULL, NULL, '2019-01-03 18:21:46', '69620|'),
       (208, 'Sebastian', 'Schwegler', NULL, '1998-01-01 00:00:00', 39, 0, NULL, 'Se', 0, NULL, 0, 'DE', 1442, NULL,
        NULL, 'NU1170034', NULL, 'M', NULL, NULL, NULL, NULL, NULL, '2019-01-03 18:21:46', '152804|'),
       (209, 'Martin', 'Sebald', NULL, '1994-01-01 00:00:00', 40, 0, NULL, 'Ma', 0, NULL, 0, 'DE', 1484, NULL, NULL,
        'NU154576', NULL, 'M', NULL, NULL, NULL, NULL, NULL, '2019-01-03 18:21:46', '13031301|'),
       (210, 'Koray', 'Seker', NULL, '1999-01-01 00:00:00', 16, 0, NULL, 'Ko', 0, NULL, 0, 'TR', 1632, NULL, NULL,
        'NU1137071', NULL, 'M', NULL, NULL, NULL, NULL, NULL, '2019-01-03 18:21:46', '149675|'),
       (211, 'Oliver', 'Sierpek', NULL, '1993-01-01 00:00:00', 15, 0, NULL, 'Ol', 0, NULL, 0, 'DE', 1614, NULL, NULL,
        'NU151671', NULL, 'M', NULL, NULL, NULL, NULL, NULL, '2019-01-03 18:21:46', '12006109|'),
       (212, 'Jörg', 'Sonnentag', NULL, '2000-01-01 00:00:00', 37, 0, NULL, 'Jö', 0, NULL, 0, 'DE', 1485, NULL, NULL,
        'NU462893', NULL, 'M', NULL, NULL, NULL, NULL, NULL, '2019-01-03 18:21:46', '105329|'),
       (213, 'Patrick', 'Stelzl', NULL, '1990-01-01 00:00:00', 15, 0, NULL, 'Pa', 0, NULL, 0, 'DE', 1477, NULL, NULL,
        'NU322364', NULL, 'M', NULL, NULL, NULL, NULL, NULL, '2019-01-03 18:21:46', '12006043|'),
       (214, 'Silas', 'Stiehl', NULL, '1996-01-01 00:00:00', 42, 0, NULL, 'Si', 0, NULL, 0, 'DE', 1294, NULL, NULL,
        'NU326541', NULL, 'M', NULL, NULL, NULL, NULL, NULL, '2019-01-03 18:21:46', '201094|'),
       (215, 'Noemi', 'Graf', NULL, '2004-01-01 00:00:00', 18, 0, NULL, 'No', 0, NULL, 0, 'DE', 1325, NULL, NULL,
        'NU1286152', NULL, 'W', NULL, NULL, NULL, NULL, NULL, '2019-01-03 18:21:46', '24037243|'),
       (216, 'Rainer', 'Stolz', NULL, '1961-01-01 00:00:00', 89, 0, NULL, 'Ra', 0, NULL, 0, 'DE', 1507, NULL, NULL,
        'NU1378227', NULL, 'M', NULL, NULL, NULL, NULL, NULL, '2019-01-03 18:21:46', '03027510|'),
       (217, 'Henry', 'Tran', NULL, '1999-01-01 00:00:00', 48, 0, NULL, 'He', 0, NULL, 0, 'DE', 1471, NULL, NULL,
        'NU1308673', NULL, 'M', NULL, NULL, NULL, NULL, NULL, '2019-01-03 18:21:46', '14008228|'),
       (218, 'Kerem', 'Akin', NULL, '1998-01-01 00:00:00', 45, 0, NULL, 'Ke', 0, NULL, 1, 'TR', 1752, NULL, NULL,
        'NU589165', NULL, 'M', NULL, NULL, NULL, NULL, NULL, '2019-01-03 18:21:46', '112052|'),
       (219, 'Kian', 'Aragian', NULL, '1996-01-01 00:00:00', 44, 0, NULL, 'Ki', 0, NULL, 0, 'DE', 1850, NULL, NULL,
        'NU990234', NULL, 'M', NULL, NULL, NULL, NULL, NULL, '2019-01-03 18:21:46', '141073|'),
       (220, 'Alexander', 'Bauer', NULL, '1989-01-01 00:00:00', 48, 0, NULL, 'Al', 0, NULL, 0, 'DE', 1799, NULL, NULL,
        'NU168955', NULL, 'M', NULL, NULL, NULL, NULL, NULL, '2019-01-03 18:21:46', '14008239|'),
       (221, 'Norbert', 'Graf', NULL, '1975-01-01 00:00:00', 18, 0, NULL, 'No', 0, NULL, 0, 'DE', 1410, NULL, NULL,
        'NU181399', NULL, 'M', NULL, NULL, NULL, NULL, NULL, '2019-01-03 18:21:46', '24037280|'),
       (222, 'Raphael', 'Becker', NULL, '1984-01-01 00:00:00', 71, 0, NULL, 'Ra', 0, NULL, 0, 'DE', 1908, NULL, NULL,
        'NU179810', NULL, 'M', NULL, NULL, NULL, NULL, NULL, '2019-01-03 18:21:46', '24015269|'),
       (223, 'Peter', 'Beranek', NULL, '1967-01-01 00:00:00', 90, 0, NULL, 'Pe', 0, NULL, 0, 'DE', 1945, NULL, NULL,
        'NU193469', NULL, 'M', NULL, NULL, NULL, NULL, NULL, '2019-01-03 18:21:46', '117943|'),
       (224, 'Stephan', 'Fischer', NULL, '1971-01-01 00:00:00', 16, 0, NULL, 'St', 0, NULL, 0, 'DE', 2008, NULL, NULL,
        'NU445741', NULL, 'M', NULL, NULL, NULL, NULL, NULL, '2019-01-03 18:21:46', '67730|'),
       (225, 'Kenan', 'Hrnic', NULL, '1996-01-01 00:00:00', 91, 0, NULL, 'Ke', 0, NULL, 0, 'DE', 2056, NULL, NULL,
        'NU449231', NULL, 'M', NULL, NULL, NULL, NULL, NULL, '2019-01-03 18:21:46', '74796|'),
       (226, 'Daniel', 'Kern', NULL, '2002-01-01 00:00:00', 92, 0, NULL, 'Da', 0, NULL, 0, 'DE', 1712, NULL, NULL,
        'NU1470331', NULL, 'M', NULL, NULL, NULL, NULL, NULL, '2019-01-03 18:21:46', '11049403|'),
       (227, 'Wolfgang', 'Grafen', NULL, '1960-01-01 00:00:00', 1, 0, NULL, 'Wo', 0, NULL, 0, 'DE', 1124, NULL, NULL,
        'NU151756', NULL, 'M', NULL, NULL, NULL, NULL, NULL, '2019-01-03 18:21:46', '08013150|'),
       (228, 'Richard', 'Lukacs', NULL, '1992-01-01 00:00:00', 3, 0, NULL, 'Ri', 0, NULL, 0, 'HU', 2055, NULL, NULL,
        'NU1459013', NULL, 'M', NULL, NULL, NULL, NULL, NULL, '2019-01-03 18:21:46', '08042399|'),
       (229, 'Jeromy', 'Löffler', NULL, '2003-01-01 00:00:00', 57, 0, NULL, 'Je', 0, NULL, 0, 'DE', 2024, NULL, NULL,
        'NU1354418', NULL, 'M', NULL, NULL, NULL, NULL, NULL, '2019-01-03 18:21:46', '229959|'),
       (230, 'Marcel', 'Neumaier', NULL, '2000-01-01 00:00:00', 71, 0, NULL, 'Ma', 0, NULL, 0, 'DE', 2046, NULL, NULL,
        'NU1161447', NULL, 'M', NULL, NULL, NULL, NULL, NULL, '2019-01-03 18:21:46', '24015190|'),
       (231, 'Hai Khanh', 'Nguyen', NULL, '1987-01-01 00:00:00', 44, 0, NULL, 'Ha', 0, NULL, 0, 'DE', 1980, NULL, NULL,
        'NU373854', NULL, 'M', NULL, NULL, NULL, NULL, NULL, '2019-01-03 18:21:46', '153093|'),
       (232, 'Roman', 'Rosenberg', NULL, '1983-01-01 00:00:00', 64, 0, NULL, 'Ro', 0, NULL, 0, 'DE', 2240, NULL, NULL,
        'NU194055', NULL, 'M', NULL, NULL, NULL, NULL, NULL, '2019-01-03 18:21:46', '21026296|'),
       (233, 'Richard', 'Andrzejewski', NULL, '1948-01-01 00:00:00', 3, 0, NULL, 'Ri', 0, NULL, 0, 'DE', 1225, NULL,
        NULL, 'NU1112204', NULL, 'M', NULL, NULL, NULL, NULL, NULL, '2019-01-03 18:21:46', '08042430|'),
       (234, 'Kevin', 'Grafmüller', NULL, '1995-01-01 00:00:00', 11, 0, NULL, 'Ke', 0, NULL, 0, 'DE', 1199, NULL, NULL,
        'NU1070472', NULL, 'M', NULL, NULL, NULL, NULL, NULL, '2019-01-03 18:21:46', '143055|'),
       (235, 'Tom', 'Schaufler', NULL, '2003-01-01 00:00:00', 71, 0, NULL, 'To', 0, NULL, 0, 'DE', 1987, NULL, NULL,
        'NU1283270', NULL, 'M', NULL, NULL, NULL, NULL, NULL, '2019-01-03 18:21:46', '24015237|'),
       (236, 'Christopher', 'Simonis', NULL, '1996-01-01 00:00:00', 93, 0, NULL, 'Ch', 0, NULL, 0, 'DE', 2118, NULL,
        NULL, 'NU370728', NULL, 'M', NULL, NULL, NULL, NULL, NULL, '2019-01-03 18:21:46', '419550|'),
       (237, 'Christian', 'Stofleth', NULL, '1996-01-01 00:00:00', 37, 0, NULL, 'Ch', 0, NULL, 0, 'DE', 2083, NULL,
        NULL, 'NU1068730', NULL, 'M', NULL, NULL, NULL, NULL, NULL, '2019-01-03 18:21:46', '219858|'),
       (238, 'Goran', 'Tadic', NULL, '1988-01-01 00:00:00', 37, 0, NULL, 'Go', 0, NULL, 0, 'HR', 1916, NULL, NULL,
        'NU452677', NULL, 'M', NULL, NULL, NULL, NULL, NULL, '2019-01-03 18:21:46', '104761|'),
       (239, 'Rainer', 'Theiß', NULL, '1966-01-01 00:00:00', 94, 0, NULL, 'Ra', 0, NULL, 0, 'DE', 1931, NULL, NULL,
        'NU432800', NULL, 'M', NULL, NULL, NULL, NULL, NULL, '2019-01-03 18:21:46', '13008287|'),
       (240, 'Jan', 'Haag', NULL, '1999-01-01 00:00:00', 12, 0, NULL, 'Ja', 0, NULL, 0, 'DE', 1264, NULL, NULL,
        'NU1281218', NULL, 'M', NULL, NULL, NULL, NULL, NULL, '2019-01-03 18:21:46', '12036125|'),
       (241, 'Kestutis', 'Zeimys', NULL, '1988-01-01 00:00:00', 71, 0, NULL, 'Ke', 0, NULL, 0, 'LT', 2168, NULL, NULL,
        'NU431643', NULL, 'M', NULL, NULL, NULL, NULL, NULL, '2019-01-03 18:21:46', '24015265|'),
       (242, 'Benedict', 'Hauck', NULL, '1992-01-01 00:00:00', 11, 0, NULL, 'Be', 0, NULL, 0, 'DE', 1449, NULL, NULL,
        'NU446453', NULL, 'M', NULL, NULL, NULL, NULL, NULL, '2019-01-03 18:21:46', '68090|'),
       (243, 'Matthias', 'Hiller', NULL, '1982-01-01 00:00:00', 1, 0, NULL, 'Ma', 0, NULL, 0, 'DE', 1175, NULL, NULL,
        'NU620604', NULL, 'M', NULL, NULL, NULL, NULL, NULL, '2019-01-03 18:21:46', '08013208|'),
       (244, 'Alexander', 'Hoffmann', NULL, '1998-01-01 00:00:00', 16, 0, NULL, 'Al', 0, NULL, 0, 'DE', 1304, NULL,
        NULL, 'NU1262075', NULL, 'M', NULL, NULL, NULL, NULL, NULL, '2019-01-03 18:21:46', '160241|'),
       (245, 'Frank', 'Hofmann', NULL, '1983-01-01 00:00:00', 17, 0, NULL, 'Fr', 0, NULL, 0, 'DE', 1473, NULL, NULL,
        'NU1021579', NULL, 'M', NULL, NULL, NULL, NULL, NULL, '2019-01-03 18:21:46', '101041378|'),
       (246, 'Sven', 'Holschuh', NULL, '1990-01-01 00:00:00', 19, 0, NULL, 'Sv', 0, NULL, 0, 'DE', 1467, NULL, NULL,
        'NU451323', NULL, 'M', NULL, NULL, NULL, NULL, NULL, '2019-01-03 18:21:46', '74337|'),
       (247, 'Klaus', 'Holz', NULL, '1954-01-01 00:00:00', 20, 0, NULL, 'Kl', 0, NULL, 0, 'DE', 1128, NULL, NULL,
        'NU448411', NULL, 'M', NULL, NULL, NULL, NULL, NULL, '2019-01-03 18:21:46', '68774|'),
       (248, 'Lukas', 'Hurrle', NULL, '1996-01-01 00:00:00', 21, 0, NULL, 'Lu', 0, NULL, 0, 'DE', 1294, NULL, NULL,
        'NU751286', NULL, 'M', NULL, NULL, NULL, NULL, NULL, '2019-01-03 18:21:46', '25013101|'),
       (249, 'Sven', 'Huthmacher', NULL, '1983-01-01 00:00:00', 6, 0, NULL, 'Sv', 0, NULL, 0, 'DE', 1378, NULL, NULL,
        'NU1240293', NULL, 'M', NULL, NULL, NULL, NULL, NULL, '2019-01-03 18:21:46', '104200|'),
       (250, 'Marcel', 'Arendt', NULL, '1988-01-01 00:00:00', 4, 0, NULL, 'Ma', 0, NULL, 0, 'DE', 1430, NULL, NULL,
        'NU174853', NULL, 'M', NULL, NULL, NULL, NULL, NULL, '2019-01-03 18:21:46', '24057088|'),
       (251, 'Meiko', 'Höschele', NULL, '1971-01-01 00:00:00', 14, 0, NULL, 'Me', 0, NULL, 0, 'DE', 1326, NULL, NULL,
        'NU444498', NULL, 'M', NULL, NULL, NULL, NULL, NULL, '2019-01-03 18:21:46', '64048|'),
       (252, 'Ulrike', 'Jochem', NULL, '1981-01-01 00:00:00', 6, 0, NULL, 'Ul', 0, NULL, 0, 'DE', 1056, NULL, NULL,
        'NU1951051', NULL, 'W', NULL, NULL, NULL, NULL, NULL, '2019-01-03 18:21:46', '127540|'),
       (253, 'Harry', 'Kern', NULL, '1971-01-01 00:00:00', 23, 0, NULL, 'Ha', 0, NULL, 0, 'DE', 1388, NULL, NULL,
        'NU443531', NULL, 'M', NULL, NULL, NULL, NULL, NULL, '2019-01-03 18:21:46', '63649|'),
       (254, 'Michael', 'Kimmich', NULL, '1963-01-01 00:00:00', 24, 0, NULL, 'Mi', 0, NULL, 0, 'DE', 1325, NULL, NULL,
        'NU436964', NULL, 'M', NULL, NULL, NULL, NULL, NULL, '2019-01-03 18:21:46', '27315|'),
       (255, 'Fabian', 'Krejcir', NULL, '1988-01-01 00:00:00', 25, 0, NULL, 'Fa', 0, NULL, 0, 'DE', 1065, NULL, NULL,
        'NU447664', NULL, 'M', NULL, NULL, NULL, NULL, NULL, '2019-01-03 18:21:46', '68496|'),
       (256, 'Stephan', 'Kunkel', NULL, '1975-01-01 00:00:00', 26, 0, NULL, 'St', 0, NULL, 0, 'DE', 1346, NULL, NULL,
        'NU62903', NULL, 'M', NULL, NULL, NULL, NULL, NULL, '2019-01-03 18:21:46', '215798|'),
       (257, 'Dennis', 'Kühn', NULL, '1988-01-01 00:00:00', 14, 0, NULL, 'De', 0, NULL, 0, 'DE', 1347, NULL, NULL,
        'NU444268', NULL, 'M', NULL, NULL, NULL, NULL, NULL, '2019-01-03 18:21:46', '63938|'),
       (258, 'Lukas', 'Arheidt', NULL, '1998-01-01 00:00:00', 5, 0, NULL, 'Lu', 0, NULL, 0, 'DE', 1263, NULL, NULL,
        'NU635684', NULL, 'M', NULL, NULL, NULL, NULL, NULL, '2019-01-03 18:21:46', '117131|'),
       (259, 'Patrick', 'Lorenz', NULL, '1976-01-01 00:00:00', 28, 0, NULL, 'Pa', 0, NULL, 0, 'DE', 1496, NULL, NULL,
        'NU592584', NULL, 'M', NULL, NULL, NULL, NULL, NULL, '2019-01-03 18:21:46', '25022157|'),
       (260, 'Marcus', 'Läpple', NULL, '1989-01-01 00:00:00', 23, 0, NULL, 'Ma', 0, NULL, 0, 'DE', 1320, NULL, NULL,
        'NU447640', NULL, 'M', NULL, NULL, NULL, NULL, NULL, '2019-01-03 18:21:46', '68469|'),
       (261, 'Laszlo', 'Lörincz', NULL, '1978-01-01 00:00:00', 16, 0, NULL, 'La', 0, NULL, 0, 'HU', 1388, NULL, NULL,
        'NU1334871', NULL, 'M', NULL, NULL, NULL, NULL, NULL, '2019-01-03 18:21:46', '167958|'),
       (262, 'Jan', 'Maginot', NULL, '1984-01-01 00:00:00', 30, 0, NULL, 'Ja', 0, NULL, 0, 'DE', 1134, NULL, NULL,
        'NU57417', NULL, 'M', NULL, NULL, NULL, NULL, NULL, '2019-01-03 18:21:46', '224358|'),
       (263, 'Daniel', 'Meißner', NULL, '1978-01-01 00:00:00', 31, 0, NULL, 'Da', 0, NULL, 0, 'DE', 1290, NULL, NULL,
        'NU181720', NULL, 'M', NULL, NULL, NULL, NULL, NULL, '2019-01-03 18:21:46', '22015189|'),
       (264, 'Andreas', 'Moor', NULL, '1986-01-01 00:00:00', 4, 0, NULL, 'An', 0, NULL, 0, 'DE', 1134, NULL, NULL,
        'NU1588449', NULL, 'M', NULL, NULL, NULL, NULL, NULL, '2019-01-03 18:21:46', '24057126|'),
       (265, 'Thomas', 'Nofer', NULL, '1961-01-01 00:00:00', 15, 0, NULL, 'Th', 0, NULL, 0, 'DE', 1273, NULL, NULL,
        'NU1307590', NULL, 'M', NULL, NULL, NULL, NULL, NULL, '2019-01-03 18:21:46', '12006265|'),
       (266, 'Jörg', 'Nonnenmann', NULL, '1966-01-01 00:00:00', 32, 0, NULL, 'Jö', 0, NULL, 0, 'DE', 1344, NULL, NULL,
        'NU150763', NULL, 'M', NULL, NULL, NULL, NULL, NULL, '2019-01-03 18:21:46', '08039072|'),
       (267, 'Karlheinz', 'Barry', NULL, '1954-01-01 00:00:00', 6, 0, NULL, 'Ka', 0, NULL, 0, 'DE', 1122, NULL, NULL,
        'NU1604683', NULL, 'M', NULL, NULL, NULL, NULL, NULL, '2019-01-03 18:21:46', '100340|'),
       (268, 'Arnaud', 'Nussbaum', NULL, '1979-01-01 00:00:00', 34, 0, NULL, 'Ar', 0, NULL, 0, 'DE', 1267, NULL, NULL,
        'NU1530264', NULL, 'M', NULL, NULL, NULL, NULL, NULL, '2019-01-03 18:21:46', '24019175|'),
       (269, 'Dorothea', 'Rosemeyer', NULL, '1994-01-01 00:00:00', 29, 0, NULL, 'Do', 0, NULL, 0, 'DE', 1300, NULL,
        NULL, 'NU691067', NULL, 'W', NULL, NULL, NULL, NULL, NULL, '2019-01-03 18:21:46', '220338|'),
       (270, 'Jürgen', 'Ruprecht', NULL, '1955-01-01 00:00:00', 16, 0, NULL, 'Jü', 0, NULL, 0, 'DE', 1227, NULL, NULL,
        'NU1329770', NULL, 'M', NULL, NULL, NULL, NULL, NULL, '2019-01-03 18:21:46', '167318|'),
       (271, 'Felix', 'Sawo', NULL, '1979-01-01 00:00:00', 11, 0, NULL, 'Fe', 0, NULL, 0, 'DE', 1146, NULL, NULL,
        'NU1447880', NULL, 'M', NULL, NULL, NULL, NULL, NULL, '2019-01-03 18:21:46', '235618|'),
       (272, 'Sven', 'Schemmert', NULL, '2003-01-01 00:00:00', 8, 0, NULL, 'Sv', 0, NULL, 0, 'DE', 1201, NULL, NULL,
        'NU1713507', NULL, 'M', NULL, NULL, NULL, NULL, NULL, '2019-01-03 18:21:46', '25032155|'),
       (273, 'Torsten', 'Barry', NULL, '1978-01-01 00:00:00', 6, 0, NULL, 'To', 0, NULL, 0, 'DE', 1080, NULL, NULL,
        'NU1240013', NULL, 'M', NULL, NULL, NULL, NULL, NULL, '2019-01-03 18:21:46', '100341|'),
       (274, 'Stan', 'Schreiber', NULL, '1998-01-01 00:00:00', 15, 0, NULL, 'St', 0, NULL, 0, 'DE', 1339, NULL, NULL,
        'NU1080561', NULL, 'M', NULL, NULL, NULL, NULL, NULL, '2019-01-03 18:21:46', '12006175|'),
       (275, 'Patric', 'Seidt', NULL, '1988-01-01 00:00:00', 41, 0, NULL, 'Pa', 0, NULL, 0, 'DE', 1373, NULL, NULL,
        'NU450423', NULL, 'M', NULL, NULL, NULL, NULL, NULL, '2019-01-03 18:21:46', '25021268|'),
       (276, 'Herbert', 'Straube', NULL, '1966-01-01 00:00:00', 42, 0, NULL, 'He', 0, NULL, 0, 'DE', 1367, NULL, NULL,
        'NU974362', NULL, 'M', NULL, NULL, NULL, NULL, NULL, '2019-01-03 18:21:46', '139534|'),
       (277, 'Lukas', 'Tasch', NULL, '1999-01-01 00:00:00', 8, 0, NULL, 'Lu', 0, NULL, 0, 'DE', 1131, NULL, NULL,
        'NU1375303', NULL, 'M', NULL, NULL, NULL, NULL, NULL, '2019-01-03 18:21:46', '25032137|'),
       (278, 'Andre', 'Vetter', NULL, '1995-01-01 00:00:00', 11, 0, NULL, 'An', 0, NULL, 0, 'DE', 1452, NULL, NULL,
        'NU1070468', NULL, 'M', NULL, NULL, NULL, NULL, NULL, '2019-01-03 18:21:46', '143053|'),
       (279, 'Max', 'Wenz', NULL, '1999-01-01 00:00:00', 44, 0, NULL, 'Ma', 0, NULL, 0, 'DE', 1469, NULL, NULL,
        'NU590913', NULL, 'M', NULL, NULL, NULL, NULL, NULL, '2019-01-03 18:21:46', '207839|'),
       (280, 'Jonas', 'Willwerth', NULL, '2000-01-01 00:00:00', 14, 0, NULL, 'Jo', 0, NULL, 0, 'DE', 941, NULL, NULL,
        'NU1544505', NULL, 'M', NULL, NULL, NULL, NULL, NULL, '2019-01-03 18:21:46', '186279|'),
       (281, 'Daniel', 'Wolfmüller', NULL, '1985-01-01 00:00:00', 11, 0, NULL, 'Da', 0, NULL, 0, 'DE', 1162, NULL, NULL,
        'NU447988', NULL, 'M', NULL, NULL, NULL, NULL, NULL, '2019-01-03 18:21:46', '65646|'),
       (282, 'Samuel', 'Amann', NULL, '2002-01-01 00:00:00', 46, 0, NULL, 'Sa', 0, NULL, 0, 'DE', 1633, NULL, NULL,
        'NU1324992', NULL, 'M', NULL, NULL, NULL, NULL, NULL, '2019-01-03 18:21:46', '25014337|'),
       (283, 'Jonas', 'Bauer', NULL, '2001-01-01 00:00:00', 8, 0, NULL, 'Jo', 0, NULL, 0, 'DE', 1105, NULL, NULL,
        'NU1281226', NULL, 'M', NULL, NULL, NULL, NULL, NULL, '2019-01-03 18:21:46', '25032129|'),
       (284, 'Niklas', 'Braun', NULL, '1996-01-01 00:00:00', 16, 0, NULL, 'Ni', 0, NULL, 0, 'DE', 1839, NULL, NULL,
        'NU137720', NULL, 'M', NULL, NULL, NULL, NULL, NULL, '2019-01-03 18:21:46', '207978|'),
       (285, 'Dirk', 'Butz', NULL, '1973-01-01 00:00:00', 6, 0, NULL, 'Di', 0, NULL, 0, 'DE', 1765, NULL, NULL,
        'NU1527916', NULL, 'M', NULL, NULL, NULL, NULL, NULL, '2019-01-03 18:21:46', '101370|'),
       (286, 'Oliver', 'Böhm', NULL, '1974-01-01 00:00:00', 8, 0, NULL, 'Ol', 0, NULL, 0, 'DE', 1728, NULL, NULL,
        'NU178891', NULL, 'M', NULL, NULL, NULL, NULL, NULL, '2019-01-03 18:21:46', '25032107|');

INSERT INTO `playerpergroup` (`PPGr_ID`, `PPGr_Play_ID`, `PPGr_Grou_ID`, `PPGr_Type`, `PPGr_Position`,
                              `PPGr_StartPosition`, `PPGr_Timestamp`, `PPGr_Name`, `PPGr_GamesW`, `PPGr_GamesL`,
                              `PPGr_SetW`, `PPGr_SetL`, `PPGr_PointsW`, `PPGr_PointsL`, `PPGr_BallDiff`,
                              `PPGr_ClubName`, `PPGr_Games`, `PPGr_Sets`, `PPGr_Points`, `PPGR_Checked`, `PPGr_SetDiff`,
                              `PPGr_SetzPos`, `PPGr_VsPos1`, `PPGr_VsPos2`, `PPGr_VsPos3`, `PPGr_VsPos4`, `PPGr_VsPos5`,
                              `PPGr_VsPos6`, `PPGr_VsPos7`, `PPGr_VsPos8`, `PPGr_VsPos9`, `PPGr_VsPos10`,
                              `PPGr_VsPos11`, `PPGr_VsPos12`, `PPGr_VsPos13`, `PPGr_VsPos14`, `PPGr_VsPos15`,
                              `PPGr_VsPos16`, `PPGr_TTR`, `PPGr_inactive`, `PPGr_Buchholz`, `PPGr_FeinBuchholz`,
                              `PPGr_ForcePos`, `PPGr_Kreis`, `PPGr_RegionName`, `PPGr_Verband`)
VALUES (1, 109, 1, 0, 2, 1, '2019-01-05 20:22:43', 'Ruby, Stefan (1)', 1, 1, 4, 3, 53, 45, 0, 'FV Wiesental', '1 : 1',
        '4 : 3', '53 : 45', 1, 1, 1, '       ', '       ', '       ', '       ', '       ', '       ', '       ',
        '       ', '       ', '       ', '       ', '       ', '       ', '       ', '       ', '       ', 1897, 0, 0,
        0, 0, '', 'Bruchsal', 'BaTTV'),
       (2, 128, 2, 0, 1, 1, '2019-01-05 20:22:43', 'Vujacic, Philippe (2)', 1, 0, 3, 0, 33, 9, 0, 'SPORTVG Feuerbach',
        '1 : 0', '3 : 0', '33 : 9', 0, 3, 2, '       ', '       ', '       ', '       ', '       ', '       ',
        '       ', '       ', '       ', '       ', '       ', '       ', '       ', '       ', '       ', '       ',
        1889, 0, 0, 0, 0, '', 'Stuttgart', 'TTVWH'),
       (3, 80, 3, 0, 1, 1, '2019-01-05 20:22:43', 'Koch, Florian (3)', 2, 0, 6, 0, 66, 30, 0, 'TTV Muckenschopf',
        '2 : 0', '6 : 0', '66 : 30', 1, 6, 3, '       ', '       ', '       ', '       ', '       ', '       ',
        '       ', '       ', '       ', '       ', '       ', '       ', '       ', '       ', '       ', '       ',
        1863, 0, 0, 0, 0, '', 'Rastatt/Baden-Baden', 'SbTTV'),
       (4, 113, 4, 0, 2, 1, '2019-01-05 20:22:43', 'Schmid, Gunter (4)', 0, 0, 0, 0, 0, 0, 0, 'TTSV Kenzingen', '0 : 0',
        '0 : 0', '0 : 0', 0, 0, 4, '       ', '       ', '       ', '       ', '       ', '       ', '       ',
        '       ', '       ', '       ', '       ', '       ', '       ', '       ', '       ', '       ', 1862, 0, 0,
        0, 0, '', 'Breisgau', 'SbTTV'),
       (5, 219, 5, 0, 1, 1, '2019-01-05 20:22:43', 'Aragian, Kian (5)', 0, 0, 0, 0, 0, 0, 0,
        'TTG Kleinsteinbach/Singen', '0 : 0', '0 : 0', '0 : 0', 0, 0, 5, '       ', '       ', '       ', '       ',
        '       ', '       ', '       ', '       ', '       ', '       ', '       ', '       ', '       ', '       ',
        '       ', '       ', 1850, 0, 0, 0, 0, '', 'Pforzheim', 'BaTTV'),
       (6, 84, 6, 0, 1, 1, '2019-01-05 20:22:43', 'Körner, Sven (6)', 0, 0, 0, 0, 0, 0, 0, 'VfL Kirchheim', '0 : 0',
        '0 : 0', '0 : 0', 0, 0, 6, '       ', '       ', '       ', '       ', '       ', '       ', '       ',
        '       ', '       ', '       ', '       ', '       ', '       ', '       ', '       ', '       ', 1841, 0, 0,
        0, 0, '', 'Esslingen', 'TTVWH'),
       (7, 284, 7, 0, 1, 1, '2019-01-05 20:22:43', 'Braun, Niklas (7)', 0, 0, 0, 0, 0, 0, 0, 'TTV Ettlingen', '0 : 0',
        '0 : 0', '0 : 0', 0, 0, 7, '       ', '       ', '       ', '       ', '       ', '       ', '       ',
        '       ', '       ', '       ', '       ', '       ', '       ', '       ', '       ', '       ', 1839, 0, 0,
        0, 0, '', 'Karlsruhe', 'BaTTV'),
       (8, 92, 8, 0, 1, 1, '2019-01-05 20:22:43', 'Mößner, Patrick (8)', 0, 0, 0, 0, 0, 0, 0,
        'TTG Kleinsteinbach/Singen', '0 : 0', '0 : 0', '0 : 0', 0, 0, 8, '       ', '       ', '       ', '       ',
        '       ', '       ', '       ', '       ', '       ', '       ', '       ', '       ', '       ', '       ',
        '       ', '       ', 1835, 0, 0, 0, 0, '', 'Pforzheim', 'BaTTV'),
       (9, 105, 9, 0, 1, 1, '2019-01-05 20:22:43', 'Rebsam, Paul (9)', 0, 0, 0, 0, 0, 0, 0, 'DJK Vogelstang', '0 : 0',
        '0 : 0', '0 : 0', 0, 0, 9, '       ', '       ', '       ', '       ', '       ', '       ', '       ',
        '       ', '       ', '       ', '       ', '       ', '       ', '       ', '       ', '       ', 1834, 0, 0,
        0, 0, '', 'Rhein-Neckar', 'BaTTV'),
       (10, 58, 10, 0, 1, 1, '2019-01-05 20:22:43', 'Frey, Jannik (10)', 0, 0, 0, 0, 0, 0, 0, 'FC Lohrbach', '0 : 0',
        '0 : 0', '0 : 0', 0, 0, 10, '       ', '       ', '       ', '       ', '       ', '       ', '       ',
        '       ', '       ', '       ', '       ', '       ', '       ', '       ', '       ', '       ', 1823, 0, 0,
        0, 0, '', 'Mosbach', 'BaTTV'),
       (11, 112, 11, 0, 1, 1, '2019-01-05 20:22:43', 'Savanovic, Aleksandar (11)', 0, 0, 0, 0, 0, 0, 0,
        'TTC Neckarger/Guttenbach', '0 : 0', '0 : 0', '0 : 0', 0, 0, 11, '       ', '       ', '       ', '       ',
        '       ', '       ', '       ', '       ', '       ', '       ', '       ', '       ', '       ', '       ',
        '       ', '       ', 1820, 0, 0, 0, 0, '', 'Mosbach', 'BaTTV'),
       (12, 60, 12, 0, 1, 1, '2019-01-05 20:22:43', 'Gau, Christoph (12)', 0, 0, 0, 0, 0, 0, 0, 'TTV Ettlingen',
        '0 : 0', '0 : 0', '0 : 0', 0, 0, 12, '       ', '       ', '       ', '       ', '       ', '       ',
        '       ', '       ', '       ', '       ', '       ', '       ', '       ', '       ', '       ', '       ',
        1819, 0, 0, 0, 0, '', 'Karlsruhe', 'BaTTV'),
       (13, 103, 13, 0, 1, 1, '2019-01-05 20:22:43', 'Rath, Levin (13)', 0, 0, 0, 0, 0, 0, 0,
        'TTC Bietigheim-Bissingen', '0 : 0', '0 : 0', '0 : 0', 0, 0, 13, '       ', '       ', '       ', '       ',
        '       ', '       ', '       ', '       ', '       ', '       ', '       ', '       ', '       ', '       ',
        '       ', '       ', 1816, 0, 0, 0, 0, '', 'Ludwigsburg', 'TTVWH'),
       (14, 100, 14, 0, 1, 1, '2019-01-05 20:22:43', 'Pham, Remy (14)', 0, 0, 0, 0, 0, 0, 0,
        'TTG Kleinsteinbach/Singen', '0 : 0', '0 : 0', '0 : 0', 0, 0, 14, '       ', '       ', '       ', '       ',
        '       ', '       ', '       ', '       ', '       ', '       ', '       ', '       ', '       ', '       ',
        '       ', '       ', 1807, 0, 0, 0, 0, '', 'Pforzheim', 'BaTTV'),
       (15, 107, 15, 0, 1, 1, '2019-01-05 20:22:43', 'Reinig, Jan (15)', 0, 0, 0, 0, 0, 0, 0, 'TTV Weinheim-West',
        '0 : 0', '0 : 0', '0 : 0', 0, 0, 15, '       ', '       ', '       ', '       ', '       ', '       ',
        '       ', '       ', '       ', '       ', '       ', '       ', '       ', '       ', '       ', '       ',
        1803, 0, 0, 0, 0, '', 'Rhein-Neckar', 'BaTTV'),
       (16, 220, 16, 0, 1, 1, '2019-01-05 20:22:43', 'Bauer, Alexander (16)', 1, 0, 3, 0, 33, 26, 0,
        'SPORTVG Feuerbach', '1 : 0', '3 : 0', '33 : 26', 0, 3, 16, '       ', '       ', '       ', '       ',
        '       ', '       ', '       ', '       ', '       ', '       ', '       ', '       ', '       ', '       ',
        '       ', '       ', 1799, 0, 0, 0, 0, '', 'Stuttgart', 'TTVWH'),
       (17, 71, 17, 0, 1, 1, '2019-01-05 20:22:43', 'Janson, Swen (17)', 0, 0, 0, 0, 0, 0, 0, 'TG Eggenstein', '0 : 0',
        '0 : 0', '0 : 0', 0, 0, 17, '       ', '       ', '       ', '       ', '       ', '       ', '       ',
        '       ', '       ', '       ', '       ', '       ', '       ', '       ', '       ', '       ', 1787, 0, 0,
        0, 0, '', 'Karlsruhe', 'BaTTV'),
       (18, 76, 18, 0, 1, 1, '2019-01-05 20:22:43', 'Klemens, Stefan (18)', 0, 0, 0, 0, 0, 0, 0, 'TTC Singen', '0 : 0',
        '0 : 0', '0 : 0', 0, 0, 18, '       ', '       ', '       ', '       ', '       ', '       ', '       ',
        '       ', '       ', '       ', '       ', '       ', '       ', '       ', '       ', '       ', 1787, 0, 0,
        0, 0, '', 'Bodensee', 'SbTTV'),
       (19, 119, 19, 0, 1, 1, '2019-01-05 20:22:43', 'Skokanitsch, Marc (19)', 0, 0, 0, 0, 0, 0, 0, 'TuS Metzingen',
        '0 : 0', '0 : 0', '0 : 0', 0, 0, 19, '       ', '       ', '       ', '       ', '       ', '       ',
        '       ', '       ', '       ', '       ', '       ', '       ', '       ', '       ', '       ', '       ',
        1785, 0, 0, 0, 0, '', 'Alb', 'TTVWH'),
       (20, 129, 20, 0, 1, 1, '2019-01-05 20:22:43', 'Wagner, Patrick (20)', 0, 0, 0, 0, 0, 0, 0, 'SPORTVG Feuerbach',
        '0 : 0', '0 : 0', '0 : 0', 0, 0, 20, '       ', '       ', '       ', '       ', '       ', '       ',
        '       ', '       ', '       ', '       ', '       ', '       ', '       ', '       ', '       ', '       ',
        1780, 0, 0, 0, 0, '', 'Stuttgart', 'TTVWH'),
       (21, 79, 21, 0, 1, 1, '2019-01-05 20:22:43', 'Klump, Hans-Jörg (21)', 0, 0, 0, 0, 0, 0, 0, 'TTC 1946 Weinheim',
        '0 : 0', '0 : 0', '0 : 0', 0, 0, 21, '       ', '       ', '       ', '       ', '       ', '       ',
        '       ', '       ', '       ', '       ', '       ', '       ', '       ', '       ', '       ', '       ',
        1775, 0, 0, 0, 0, '', 'Rhein-Neckar', 'BaTTV'),
       (22, 85, 22, 0, 1, 1, '2019-01-05 20:22:43', 'Kühni, Jan-Hendrik (22)', 0, 0, 0, 0, 0, 0, 0, 'FV Wiesental',
        '0 : 0', '0 : 0', '0 : 0', 0, 0, 22, '       ', '       ', '       ', '       ', '       ', '       ',
        '       ', '       ', '       ', '       ', '       ', '       ', '       ', '       ', '       ', '       ',
        1772, 0, 0, 0, 0, '', 'Bruchsal', 'BaTTV'),
       (23, 90, 23, 0, 1, 1, '2019-01-05 20:22:43', 'Maragioglio, Francesco (23)', 0, 0, 0, 0, 0, 0, 0,
        'DJK Vogelstang', '0 : 0', '0 : 0', '0 : 0', 0, 0, 23, '       ', '       ', '       ', '       ', '       ',
        '       ', '       ', '       ', '       ', '       ', '       ', '       ', '       ', '       ', '       ',
        '       ', 1768, 0, 0, 0, 0, '', 'Rhein-Neckar', 'BaTTV'),
       (24, 285, 24, 0, 1, 1, '2019-01-05 20:22:43', 'Butz, Dirk (24)', 0, 0, 0, 0, 0, 0, 0, 'TTV Albersweiler',
        '0 : 0', '0 : 0', '0 : 0', 0, 0, 24, '       ', '       ', '       ', '       ', '       ', '       ',
        '       ', '       ', '       ', '       ', '       ', '       ', '       ', '       ', '       ', '       ',
        1765, 0, 0, 0, 0, '', 'Vorderpfalz-Süd', 'PTTV'),
       (25, 131, 25, 0, 1, 1, '2019-01-05 20:22:43', 'Wiemer, Christoph (25)', 0, 0, 0, 0, 0, 0, 0, 'TTC Singen',
        '0 : 0', '0 : 0', '0 : 0', 0, 0, 25, '       ', '       ', '       ', '       ', '       ', '       ',
        '       ', '       ', '       ', '       ', '       ', '       ', '       ', '       ', '       ', '       ',
        1764, 0, 0, 0, 0, '', 'Bodensee', 'SbTTV'),
       (26, 69, 26, 0, 1, 1, '2019-01-05 20:22:43', 'Hermel, Eric (26)', 0, 0, 0, 0, 0, 0, 0, 'TTV Ettlingen', '0 : 0',
        '0 : 0', '0 : 0', 0, 0, 26, '       ', '       ', '       ', '       ', '       ', '       ', '       ',
        '       ', '       ', '       ', '       ', '       ', '       ', '       ', '       ', '       ', 1758, 0, 0,
        0, 0, '', 'Karlsruhe', 'BaTTV'),
       (27, 89, 27, 0, 1, 1, '2019-01-05 20:22:43', 'Lürtzener, Sascha (27)', 0, 0, 0, 0, 0, 0, 0, 'TTV Albersweiler',
        '0 : 0', '0 : 0', '0 : 0', 0, 0, 27, '       ', '       ', '       ', '       ', '       ', '       ',
        '       ', '       ', '       ', '       ', '       ', '       ', '       ', '       ', '       ', '       ',
        1758, 0, 0, 0, 0, '', 'Vorderpfalz-Süd', 'PTTV'),
       (28, 218, 28, 0, 1, 1, '2019-01-05 20:22:43', 'Akin, Kerem (28)', 0, 0, 0, 0, 0, 0, 0, 'FV Wiesental', '0 : 0',
        '0 : 0', '0 : 0', 0, 0, 28, '       ', '       ', '       ', '       ', '       ', '       ', '       ',
        '       ', '       ', '       ', '       ', '       ', '       ', '       ', '       ', '       ', 1752, 0, 0,
        0, 0, '', 'Bruchsal', 'BaTTV'),
       (29, 83, 29, 0, 2, 2, '2019-01-05 20:22:43', 'Köhler, Felix', 0, 0, 0, 0, 0, 0, 0, 'TTV Mühlhausen', '0 : 0',
        '0 : 0', '0 : 0', 0, 0, 0, '       ', '       ', '       ', '       ', '       ', '       ', '       ',
        '       ', '       ', '       ', '       ', '       ', '       ', '       ', '       ', '       ', 1584, 0, 0,
        0, 0, '', 'Heidelberg', 'BaTTV'),
       (30, 102, 27, 0, 2, 1, '2019-01-05 20:22:43', 'Rannaud, Arthur', 0, 0, 0, 0, 0, 0, 0, 'TV Murrhardt', '0 : 0',
        '0 : 0', '0 : 0', 0, 0, 0, '       ', '       ', '       ', '       ', '       ', '       ', '       ',
        '       ', '       ', '       ', '       ', '       ', '       ', '       ', '       ', '       ', 1669, 0, 0,
        0, 0, '', 'Rems', 'TTVWH'),
       (31, 73, 24, 0, 2, 1, '2019-01-05 20:22:43', 'Jerkovic, Marin', 0, 0, 0, 0, 0, 0, 0, 'TV Bad Rappenau', '0 : 0',
        '0 : 0', '0 : 0', 0, 0, 0, '       ', '       ', '       ', '       ', '       ', '       ', '       ',
        '       ', '       ', '       ', '       ', '       ', '       ', '       ', '       ', '       ', 1687, 0, 0,
        0, 0, '', 'Sinsheim', 'BaTTV'),
       (32, 116, 29, 0, 1, 1, '2019-01-05 20:22:43', 'Schwenker, Hermann', 0, 0, 0, 0, 0, 0, 0, 'TV Oberhaugstett',
        '0 : 0', '0 : 0', '0 : 0', 0, 0, 0, '       ', '       ', '       ', '       ', '       ', '       ', '       ',
        '       ', '       ', '       ', '       ', '       ', '       ', '       ', '       ', '       ', 1708, 0, 0,
        0, 0, '', 'Schwarzwald', 'TTVWH'),
       (33, 159, 28, 0, 3, 2, '2019-01-05 20:22:43', 'Bergbach, Roland', 0, 0, 0, 0, 0, 0, 0, 'TTSV Kenzingen', '0 : 0',
        '0 : 0', '0 : 0', 0, 0, 0, '       ', '       ', '       ', '       ', '       ', '       ', '       ',
        '       ', '       ', '       ', '       ', '       ', '       ', '       ', '       ', '       ', 1585, 0, 0,
        0, 0, '', 'Breisgau', 'SbTTV'),
       (34, 101, 26, 0, 2, 1, '2019-01-05 20:22:43', 'Ramljak, Ivan', 0, 0, 0, 0, 0, 0, 0, 'TB Gaggenau', '0 : 0',
        '0 : 0', '0 : 0', 0, 0, 0, '       ', '       ', '       ', '       ', '       ', '       ', '       ',
        '       ', '       ', '       ', '       ', '       ', '       ', '       ', '       ', '       ', 1654, 0, 0,
        0, 0, '', 'Rastatt/Baden-Baden', 'SbTTV'),
       (35, 120, 25, 0, 3, 2, '2019-01-05 20:22:43', 'Stellrecht, Daniel', 0, 0, 0, 0, 0, 0, 0, 'DJK Käfertal', '0 : 0',
        '0 : 0', '0 : 0', 0, 0, 0, '       ', '       ', '       ', '       ', '       ', '       ', '       ',
        '       ', '       ', '       ', '       ', '       ', '       ', '       ', '       ', '       ', 1521, 0, 0,
        0, 0, '', 'Rhein-Neckar', 'BaTTV'),
       (36, 117, 23, 0, 2, 2, '2019-01-05 20:22:43', 'Sezginer, Marcel', 0, 0, 0, 0, 0, 0, 0, 'TV Oberhaugstett',
        '0 : 0', '0 : 0', '0 : 0', 0, 0, 0, '       ', '       ', '       ', '       ', '       ', '       ', '       ',
        '       ', '       ', '       ', '       ', '       ', '       ', '       ', '       ', '       ', 1705, 0, 0,
        0, 0, '', 'Schwarzwald', 'TTVWH'),
       (37, 57, 22, 0, 3, 3, '2019-01-05 20:22:43', 'Eisenbeis, Bernd', 0, 0, 0, 0, 0, 0, 0, 'CVJM Grüntal', '0 : 0',
        '0 : 0', '0 : 0', 0, 0, 0, '       ', '       ', '       ', '       ', '       ', '       ', '       ',
        '       ', '       ', '       ', '       ', '       ', '       ', '       ', '       ', '       ', 1528, 0, 0,
        0, 0, '', 'Schwarzwald', 'TTVWH'),
       (38, 156, 21, 0, 2, 1, '2019-01-05 20:22:43', 'Bambach, Louis', 0, 0, 0, 0, 0, 0, 0, 'FC Bayern München',
        '0 : 0', '0 : 0', '0 : 0', 0, 0, 0, '       ', '       ', '       ', '       ', '       ', '       ', '       ',
        '       ', '       ', '       ', '       ', '       ', '       ', '       ', '       ', '       ', 1645, 0, 0,
        0, 0, '', 'Oberbayern-Mitte', 'ByTTV'),
       (39, 106, 20, 0, 2, 2, '2019-01-05 20:22:43', 'Reich, Max', 0, 0, 0, 0, 0, 0, 0, 'TS Durlach', '0 : 0', '0 : 0',
        '0 : 0', 0, 0, 0, '       ', '       ', '       ', '       ', '       ', '       ', '       ', '       ',
        '       ', '       ', '       ', '       ', '       ', '       ', '       ', '       ', 1718, 0, 0, 0, 0, '',
        'Karlsruhe', 'BaTTV'),
       (40, 122, 19, 0, 3, 3, '2019-01-05 20:22:43', 'Stößer, Michael', 0, 0, 0, 0, 0, 0, 0, 'TG Söllingen', '0 : 0',
        '0 : 0', '0 : 0', 0, 0, 0, '       ', '       ', '       ', '       ', '       ', '       ', '       ',
        '       ', '       ', '       ', '       ', '       ', '       ', '       ', '       ', '       ', 1669, 0, 0,
        0, 0, '', 'Karlsruhe', 'BaTTV'),
       (41, 94, 18, 0, 3, 2, '2019-01-05 20:22:43', 'Nicoleit, Thomas', 0, 0, 0, 0, 0, 0, 0, 'TV Ottenhausen', '0 : 0',
        '0 : 0', '0 : 0', 0, 0, 0, '       ', '       ', '       ', '       ', '       ', '       ', '       ',
        '       ', '       ', '       ', '       ', '       ', '       ', '       ', '       ', '       ', 1520, 0, 0,
        0, 0, '', 'Pforzheim', 'BaTTV'),
       (42, 126, 17, 0, 3, 3, '2019-01-05 20:22:43', 'Urli, Roberto', 0, 0, 0, 0, 0, 0, 0, 'TTC Berghaupten', '0 : 0',
        '0 : 0', '0 : 0', 0, 0, 0, '       ', '       ', '       ', '       ', '       ', '       ', '       ',
        '       ', '       ', '       ', '       ', '       ', '       ', '       ', '       ', '       ', 1537, 0, 0,
        0, 0, '', 'Ortenau', 'SbTTV'),
       (43, 67, 16, 0, 3, 2, '2019-01-05 20:22:43', 'Greinwald, Konrad', 0, 1, 0, 3, 15, 33, 0, 'TTSV Kenzingen',
        '0 : 1', '0 : 3', '15 : 33', 0, -3, 0, '       ', '       ', '       ', '       ', '       ', '       ',
        '       ', '       ', '       ', '       ', '       ', '       ', '       ', '       ', '       ', '       ',
        1696, 0, 0, 0, 0, '', 'Breisgau', 'SbTTV'),
       (44, 282, 15, 0, 3, 3, '2019-01-05 20:22:43', 'Amann, Samuel', 0, 0, 0, 0, 0, 0, 0, 'TTC Iffezheim', '0 : 0',
        '0 : 0', '0 : 0', 0, 0, 0, '       ', '       ', '       ', '       ', '       ', '       ', '       ',
        '       ', '       ', '       ', '       ', '       ', '       ', '       ', '       ', '       ', 1633, 0, 0,
        0, 0, '', 'Rastatt/Baden-Baden', 'SbTTV'),
       (45, 161, 14, 0, 3, 2, '2019-01-05 20:22:44', 'Biller, Kirill', 0, 0, 0, 0, 0, 0, 0, 'DJK Vogelstang', '0 : 0',
        '0 : 0', '0 : 0', 0, 0, 0, '       ', '       ', '       ', '       ', '       ', '       ', '       ',
        '       ', '       ', '       ', '       ', '       ', '       ', '       ', '       ', '       ', 1560, 0, 0,
        0, 0, '', 'Rhein-Neckar', 'BaTTV'),
       (46, 170, 13, 0, 3, 1, '2019-01-05 20:22:44', 'Dang, Doan Phi', 0, 0, 0, 0, 0, 0, 0, 'TV Oberhaugstett', '0 : 0',
        '0 : 0', '0 : 0', 0, 0, 0, '       ', '       ', '       ', '       ', '       ', '       ', '       ',
        '       ', '       ', '       ', '       ', '       ', '       ', '       ', '       ', '       ', 1623, 0, 0,
        0, 0, '', 'Schwarzwald', 'TTVWH'),
       (47, 62, 12, 0, 2, 1, '2019-01-05 20:22:44', 'Ghaffari, Nima', 0, 0, 0, 0, 0, 0, 0, 'ASV Grünwettersbach',
        '0 : 0', '0 : 0', '0 : 0', 0, 0, 0, '       ', '       ', '       ', '       ', '       ', '       ', '       ',
        '       ', '       ', '       ', '       ', '       ', '       ', '       ', '       ', '       ', 1650, 0, 0,
        0, 0, '', 'Karlsruhe', 'BaTTV'),
       (48, 133, 11, 0, 3, 3, '2019-01-05 20:22:44', 'Wolf, Sebastian', 0, 0, 0, 0, 0, 0, 0, 'TTC Borussia Grißheim',
        '0 : 0', '0 : 0', '0 : 0', 0, 0, 0, '       ', '       ', '       ', '       ', '       ', '       ', '       ',
        '       ', '       ', '       ', '       ', '       ', '       ', '       ', '       ', '       ', 1739, 0, 0,
        0, 0, '', 'Breisgau', 'SbTTV'),
       (49, 95, 10, 0, 2, 2, '2019-01-05 20:22:44', 'Oelze, Tim Julian', 0, 0, 0, 0, 0, 0, 0, 'TTV Muckenschopf',
        '0 : 0', '0 : 0', '0 : 0', 0, 0, 0, '       ', '       ', '       ', '       ', '       ', '       ', '       ',
        '       ', '       ', '       ', '       ', '       ', '       ', '       ', '       ', '       ', 1740, 0, 0,
        0, 0, '', 'Rastatt/Baden-Baden', 'SbTTV'),
       (50, 104, 9, 0, 3, 1, '2019-01-05 20:22:44', 'Rathfelder, Kai', 0, 0, 0, 0, 0, 0, 0, 'TGV Dürrenzimmern',
        '0 : 0', '0 : 0', '0 : 0', 0, 0, 0, '       ', '       ', '       ', '       ', '       ', '       ', '       ',
        '       ', '       ', '       ', '       ', '       ', '       ', '       ', '       ', '       ', 1665, 0, 0,
        0, 0, '', 'Heilbronn', 'TTVWH'),
       (51, 114, 8, 0, 2, 2, '2019-01-05 20:22:44', 'Schmidt, Finn', 0, 0, 0, 0, 0, 0, 0, 'TTV Ettlingen', '0 : 0',
        '0 : 0', '0 : 0', 0, 0, 0, '       ', '       ', '       ', '       ', '       ', '       ', '       ',
        '       ', '       ', '       ', '       ', '       ', '       ', '       ', '       ', '       ', 1734, 0, 0,
        0, 0, '', 'Karlsruhe', 'BaTTV'),
       (52, 78, 7, 0, 2, 2, '2019-01-05 20:22:44', 'Klett, Lisa', 0, 0, 0, 0, 0, 0, 0, 'TSV Betzingen', '0 : 0',
        '0 : 0', '0 : 0', 0, 0, 0, '       ', '       ', '       ', '       ', '       ', '       ', '       ',
        '       ', '       ', '       ', '       ', '       ', '       ', '       ', '       ', '       ', 1664, 0, 0,
        0, 0, '', 'Alb', 'TTVWH'),
       (53, 96, 6, 0, 3, 3, '2019-01-05 20:22:44', 'Opolka, Alexander', 0, 0, 0, 0, 0, 0, 0, 'TTC Rauental', '0 : 0',
        '0 : 0', '0 : 0', 0, 0, 0, '       ', '       ', '       ', '       ', '       ', '       ', '       ',
        '       ', '       ', '       ', '       ', '       ', '       ', '       ', '       ', '       ', 1564, 0, 0,
        0, 0, '', 'Rastatt/Baden-Baden', 'SbTTV'),
       (54, 286, 5, 0, 2, 2, '2019-01-05 20:22:44', 'Böhm, Oliver', 0, 0, 0, 0, 0, 0, 0, 'TTC Rauental', '0 : 0',
        '0 : 0', '0 : 0', 0, 0, 0, '       ', '       ', '       ', '       ', '       ', '       ', '       ',
        '       ', '       ', '       ', '       ', '       ', '       ', '       ', '       ', '       ', 1728, 0, 0,
        0, 0, '', 'Rastatt/Baden-Baden', 'SbTTV'),
       (55, 64, 4, 0, 1, 3, '2019-01-05 20:22:44', 'Golemac, Pavo', 1, 0, 3, 0, 33, 15, 0, 'DJK Käfertal', '1 : 0',
        '3 : 0', '33 : 15', 0, 3, 0, '       ', '       ', '       ', '       ', '       ', '       ', '       ',
        '       ', '       ', '       ', '       ', '       ', '       ', '       ', '       ', '       ', 1426, 0, 0,
        0, 0, '', 'Rhein-Neckar', 'BaTTV'),
       (56, 123, 3, 0, 2, 1, '2019-01-05 20:22:44', 'Stückert, Eugen', 1, 1, 3, 3, 48, 48, 0, 'SG Heidelberg-Neuenheim',
        '1 : 1', '3 : 3', '48 : 48', 1, 0, 0, '       ', '       ', '       ', '       ', '       ', '       ',
        '       ', '       ', '       ', '       ', '       ', '       ', '       ', '       ', '       ', '       ',
        1611, 0, 0, 0, 0, '', 'Heidelberg', 'BaTTV'),
       (57, 75, 2, 0, 2, 1, '2019-01-05 20:22:44', 'Kaschkat, Wulf', 1, 1, 3, 3, 42, 48, 0, 'TTV Bühlertal', '1 : 1',
        '3 : 3', '42 : 48', 1, 0, 0, '       ', '       ', '       ', '       ', '       ', '       ', '       ',
        '       ', '       ', '       ', '       ', '       ', '       ', '       ', '       ', '       ', 1656, 0, 0,
        0, 0, '', 'Rastatt/Baden-Baden', 'SbTTV'),
       (58, 166, 1, 0, 1, 2, '2019-01-05 20:22:44', 'Braun, Marcel', 2, 0, 6, 1, 69, 29, 0, 'VfL Kirchheim', '2 : 0',
        '6 : 1', '69 : 29', 1, 5, 0, '       ', '       ', '       ', '       ', '       ', '       ', '       ',
        '       ', '       ', '       ', '       ', '       ', '       ', '       ', '       ', '       ', 1552, 0, 0,
        0, 0, '', 'Esslingen', 'TTVWH'),
       (59, 72, 1, 0, 3, 3, '2019-01-05 20:22:44', 'Jentschke, Louis', 0, 2, 0, 6, 18, 66, 0, 'TTV Bühlertal', '0 : 2',
        '0 : 6', '18 : 66', 1, -6, 0, '       ', '       ', '       ', '       ', '       ', '       ', '       ',
        '       ', '       ', '       ', '       ', '       ', '       ', '       ', '       ', '       ', 1520, 0, 0,
        0, 0, '', 'Rastatt/Baden-Baden', 'SbTTV'),
       (60, 115, 2, 0, 3, 2, '2019-01-05 20:22:44', 'Schorradt, Axel', 0, 1, 0, 3, 15, 33, 0, 'VfL Kirchheim', '0 : 1',
        '0 : 3', '15 : 33', 0, -3, 0, '       ', '       ', '       ', '       ', '       ', '       ', '       ',
        '       ', '       ', '       ', '       ', '       ', '       ', '       ', '       ', '       ', 1709, 0, 0,
        0, 0, '', 'Esslingen', 'TTVWH'),
       (61, 61, 3, 0, 3, 2, '2019-01-05 20:22:44', 'Gerstle, Daniel', 0, 2, 0, 6, 30, 66, 0, 'TTV Albersweiler',
        '0 : 2', '0 : 6', '30 : 66', 1, -6, 0, '       ', '       ', '       ', '       ', '       ', '       ',
        '       ', '       ', '       ', '       ', '       ', '       ', '       ', '       ', '       ', '       ',
        1714, 0, 0, 0, 0, '', 'Vorderpfalz-Süd', 'PTTV'),
       (62, 56, 4, 0, 3, 1, '2019-01-05 20:22:44', 'Dresel, Jürgen', 0, 1, 0, 3, 15, 33, 0, 'TTV Bühlertal', '0 : 1',
        '0 : 3', '15 : 33', 0, -3, 0, '       ', '       ', '       ', '       ', '       ', '       ', '       ',
        '       ', '       ', '       ', '       ', '       ', '       ', '       ', '       ', '       ', 1623, 0, 0,
        0, 0, '', 'Rastatt/Baden-Baden', 'SbTTV'),
       (63, 124, 5, 0, 3, 2, '2019-01-05 20:22:44', 'Sverdlik, Alexander', 0, 0, 0, 0, 0, 0, 0, 'SV Böblingen', '0 : 0',
        '0 : 0', '0 : 0', 0, 0, 0, '       ', '       ', '       ', '       ', '       ', '       ', '       ',
        '       ', '       ', '       ', '       ', '       ', '       ', '       ', '       ', '       ', 1601, 0, 0,
        0, 0, '', 'Böblingen', 'TTVWH'),
       (64, 111, 6, 0, 2, 2, '2019-01-05 20:22:44', 'Sauerborn, Wilhelm', 0, 0, 0, 0, 0, 0, 0, 'TTA 08 Mühlacker',
        '0 : 0', '0 : 0', '0 : 0', 0, 0, 0, '       ', '       ', '       ', '       ', '       ', '       ', '       ',
        '       ', '       ', '       ', '       ', '       ', '       ', '       ', '       ', '       ', 1590, 0, 0,
        0, 0, '', 'Ludwigsburg', 'TTVWH'),
       (65, 81, 7, 0, 3, 1, '2019-01-05 20:22:44', 'Kronich, Jan Thomas', 0, 0, 0, 0, 0, 0, 0, 'SV Leonberg/Eltingen',
        '0 : 0', '0 : 0', '0 : 0', 0, 0, 0, '       ', '       ', '       ', '       ', '       ', '       ', '       ',
        '       ', '       ', '       ', '       ', '       ', '       ', '       ', '       ', '       ', 1619, 0, 0,
        0, 0, '', 'Böblingen', 'TTVWH'),
       (66, 91, 8, 0, 3, 1, '2019-01-05 20:22:44', 'Marijic, Simo', 0, 0, 0, 0, 0, 0, 0, 'TB Gaggenau', '0 : 0',
        '0 : 0', '0 : 0', 0, 0, 0, '       ', '       ', '       ', '       ', '       ', '       ', '       ',
        '       ', '       ', '       ', '       ', '       ', '       ', '       ', '       ', '       ', 1643, 0, 0,
        0, 0, '', 'Rastatt/Baden-Baden', 'SbTTV'),
       (67, 70, 9, 0, 2, 1, '2019-01-05 20:22:44', 'Hirsch, Jörg', 0, 0, 0, 0, 0, 0, 0, 'TTV Mühlhausen', '0 : 0',
        '0 : 0', '0 : 0', 0, 0, 0, '       ', '       ', '       ', '       ', '       ', '       ', '       ',
        '       ', '       ', '       ', '       ', '       ', '       ', '       ', '       ', '       ', 1682, 0, 0,
        0, 0, '', 'Heidelberg', 'BaTTV'),
       (68, 59, 10, 0, 3, 3, '2019-01-05 20:22:44', 'Garic, Ivan', 0, 0, 0, 0, 0, 0, 0, 'TV Murrhardt', '0 : 0',
        '0 : 0', '0 : 0', 0, 0, 0, '       ', '       ', '       ', '       ', '       ', '       ', '       ',
        '       ', '       ', '       ', '       ', '       ', '       ', '       ', '       ', '       ', 0, 0, 0, 0,
        0, '', 'Rems', 'TTVWH'),
       (69, 63, 11, 0, 2, 2, '2019-01-05 20:22:44', 'Glebov, Andreas', 0, 0, 0, 0, 0, 0, 0, 'TTV Weinheim-West',
        '0 : 0', '0 : 0', '0 : 0', 0, 0, 0, '       ', '       ', '       ', '       ', '       ', '       ', '       ',
        '       ', '       ', '       ', '       ', '       ', '       ', '       ', '       ', '       ', 1749, 0, 0,
        0, 0, '', 'Rhein-Neckar', 'BaTTV'),
       (70, 97, 12, 0, 3, 2, '2019-01-05 20:22:44', 'Pflieger, Sven', 0, 0, 0, 0, 0, 0, 0, 'TTSV Kenzingen', '0 : 0',
        '0 : 0', '0 : 0', 0, 0, 0, '       ', '       ', '       ', '       ', '       ', '       ', '       ',
        '       ', '       ', '       ', '       ', '       ', '       ', '       ', '       ', '       ', 1575, 0, 0,
        0, 0, '', 'Breisgau', 'SbTTV'),
       (71, 118, 13, 0, 2, 1, '2019-01-05 20:22:44', 'Skokanitsch, Anja', 0, 0, 0, 0, 0, 0, 0, 'TuS Metzingen', '0 : 0',
        '0 : 0', '0 : 0', 0, 0, 0, '       ', '       ', '       ', '       ', '       ', '       ', '       ',
        '       ', '       ', '       ', '       ', '       ', '       ', '       ', '       ', '       ', 1700, 0, 0,
        0, 0, '', 'Alb', 'TTVWH'),
       (72, 130, 14, 0, 2, 2, '2019-01-05 20:22:44', 'Weis, Karsten', 0, 0, 0, 0, 0, 0, 0, 'SG Heidelberg-Neuenheim',
        '0 : 0', '0 : 0', '0 : 0', 0, 0, 0, '       ', '       ', '       ', '       ', '       ', '       ', '       ',
        '       ', '       ', '       ', '       ', '       ', '       ', '       ', '       ', '       ', 1734, 0, 0,
        0, 0, '', 'Heidelberg', 'BaTTV'),
       (73, 127, 15, 0, 2, 1, '2019-01-05 20:22:44', 'Vogt, Gordon', 0, 0, 0, 0, 0, 0, 0, 'SV Böblingen', '0 : 0',
        '0 : 0', '0 : 0', 0, 0, 0, '       ', '       ', '       ', '       ', '       ', '       ', '       ',
        '       ', '       ', '       ', '       ', '       ', '       ', '       ', '       ', '       ', 1691, 0, 0,
        0, 0, '', 'Böblingen', 'TTVWH'),
       (74, 87, 16, 0, 2, 1, '2019-01-05 20:22:44', 'Lehmann, Martin', 1, 1, 3, 3, 59, 48, 0, 'SV Rust', '1 : 1',
        '3 : 3', '59 : 48', 1, 0, 0, '       ', '       ', '       ', '       ', '       ', '       ', '       ',
        '       ', '       ', '       ', '       ', '       ', '       ', '       ', '       ', '       ', 1693, 0, 0,
        0, 0, '', 'Ortenau', 'SbTTV'),
       (75, 93, 17, 0, 2, 1, '2019-01-05 20:22:44', 'Müller, Henry', 0, 0, 0, 0, 0, 0, 0, 'TTSF Hohberg', '0 : 0',
        '0 : 0', '0 : 0', 0, 0, 0, '       ', '       ', '       ', '       ', '       ', '       ', '       ',
        '       ', '       ', '       ', '       ', '       ', '       ', '       ', '       ', '       ', 1679, 0, 0,
        0, 0, '', 'Ortenau', 'SbTTV'),
       (76, 82, 18, 0, 2, 1, '2019-01-05 20:22:44', 'Kussler Suárez, Alejandro', 0, 0, 0, 0, 0, 0, 0,
        'TTV Weinheim-West', '0 : 0', '0 : 0', '0 : 0', 0, 0, 0, '       ', '       ', '       ', '       ', '       ',
        '       ', '       ', '       ', '       ', '       ', '       ', '       ', '       ', '       ', '       ',
        '       ', 1694, 0, 0, 0, 0, '', 'Rhein-Neckar', 'BaTTV'),
       (77, 74, 19, 0, 2, 1, '2019-01-05 20:22:44', 'Jänicke, Frank', 0, 0, 0, 0, 0, 0, 0, 'TTV Weinheim-West', '0 : 0',
        '0 : 0', '0 : 0', 0, 0, 0, '       ', '       ', '       ', '       ', '       ', '       ', '       ',
        '       ', '       ', '       ', '       ', '       ', '       ', '       ', '       ', '       ', 1696, 0, 0,
        0, 0, '', 'Rhein-Neckar', 'BaTTV'),
       (78, 165, 20, 0, 3, 2, '2019-01-05 20:22:44', 'Braun, Eric', 0, 0, 0, 0, 0, 0, 0, 'TSG Blankenloch', '0 : 0',
        '0 : 0', '0 : 0', 0, 0, 0, '       ', '       ', '       ', '       ', '       ', '       ', '       ',
        '       ', '       ', '       ', '       ', '       ', '       ', '       ', '       ', '       ', 1569, 0, 0,
        0, 0, '', 'Karlsruhe', 'BaTTV'),
       (79, 98, 21, 0, 3, 2, '2019-01-05 20:22:44', 'Pflieger, Tim', 0, 0, 0, 0, 0, 0, 0, 'TTSV Kenzingen', '0 : 0',
        '0 : 0', '0 : 0', 0, 0, 0, '       ', '       ', '       ', '       ', '       ', '       ', '       ',
        '       ', '       ', '       ', '       ', '       ', '       ', '       ', '       ', '       ', 1597, 0, 0,
        0, 0, '', 'Breisgau', 'SbTTV'),
       (80, 68, 22, 0, 2, 2, '2019-01-05 20:22:44', 'Heinle, Achim', 0, 0, 0, 0, 0, 0, 0, 'TTV Rohrbach', '0 : 0',
        '0 : 0', '0 : 0', 0, 0, 0, '       ', '       ', '       ', '       ', '       ', '       ', '       ',
        '       ', '       ', '       ', '       ', '       ', '       ', '       ', '       ', '       ', 1708, 0, 0,
        0, 0, '', 'Sinsheim', 'BaTTV'),
       (81, 171, 23, 0, 3, 3, '2019-01-05 20:22:44', 'Demisch, Luca', 0, 0, 0, 0, 0, 0, 0, 'TV Murrhardt', '0 : 0',
        '0 : 0', '0 : 0', 0, 0, 0, '       ', '       ', '       ', '       ', '       ', '       ', '       ',
        '       ', '       ', '       ', '       ', '       ', '       ', '       ', '       ', '       ', 1532, 0, 0,
        0, 0, '', 'Rems', 'TTVWH'),
       (82, 65, 24, 0, 3, 2, '2019-01-05 20:22:44', 'Graf, Enrico-Maurice', 0, 0, 0, 0, 0, 0, 0, 'TG Sachsenhausen 04',
        '0 : 0', '0 : 0', '0 : 0', 0, 0, 0, '       ', '       ', '       ', '       ', '       ', '       ', '       ',
        '       ', '       ', '       ', '       ', '       ', '       ', '       ', '       ', '       ', 1599, 0, 0,
        0, 0, 'Frankfurt', 'Süd', 'HeTTV'),
       (83, 125, 25, 0, 2, 1, '2019-01-05 20:22:44', 'Thomas, Paul', 0, 0, 0, 0, 0, 0, 0, 'TTV Weinheim-West', '0 : 0',
        '0 : 0', '0 : 0', 0, 0, 0, '       ', '       ', '       ', '       ', '       ', '       ', '       ',
        '       ', '       ', '       ', '       ', '       ', '       ', '       ', '       ', '       ', 1610, 0, 0,
        0, 0, '', 'Rhein-Neckar', 'BaTTV'),
       (84, 108, 26, 0, 3, 2, '2019-01-05 20:22:44', 'Riedel, Philipp', 0, 0, 0, 0, 0, 0, 0, 'SG Heidelberg-Neuenheim',
        '0 : 0', '0 : 0', '0 : 0', 0, 0, 0, '       ', '       ', '       ', '       ', '       ', '       ', '       ',
        '       ', '       ', '       ', '       ', '       ', '       ', '       ', '       ', '       ', 1596, 0, 0,
        0, 0, '', 'Heidelberg', 'BaTTV'),
       (85, 86, 27, 0, 3, 1, '2019-01-05 20:22:44', 'Lederer, Niklas', 0, 0, 0, 0, 0, 0, 0, 'SG Heidelberg-Neuenheim',
        '0 : 0', '0 : 0', '0 : 0', 0, 0, 0, '       ', '       ', '       ', '       ', '       ', '       ', '       ',
        '       ', '       ', '       ', '       ', '       ', '       ', '       ', '       ', '       ', 1620, 0, 0,
        0, 0, '', 'Heidelberg', 'BaTTV'),
       (86, 173, 28, 0, 2, 2, '2019-01-05 20:22:44', 'Dobler, Markus', 0, 0, 0, 0, 0, 0, 0, 'SV Waldhilsbach', '0 : 0',
        '0 : 0', '0 : 0', 0, 0, 0, '       ', '       ', '       ', '       ', '       ', '       ', '       ',
        '       ', '       ', '       ', '       ', '       ', '       ', '       ', '       ', '       ', 1588, 0, 0,
        0, 0, '', 'Heidelberg', 'BaTTV'),
       (87, 74, 30, 0, 1, 1, '2019-01-05 20:26:09', 'Jänicke, Frank (1)', 0, 0, 0, 0, 0, 0, 0, 'TTV Weinheim-West',
        '0 : 0', '0 : 0', '0 : 0', 0, 0, 1, '       ', '       ', '       ', '       ', '       ', '       ', '       ',
        '       ', '       ', '       ', '       ', '       ', '       ', '       ', '       ', '       ', 1696, 0, 0,
        0, 0, '', 'Rhein-Neckar', 'BaTTV'),
       (88, 82, 31, 0, 1, 1, '2019-01-05 20:26:09', 'Kussler Suárez, Alejandro (2)', 0, 0, 0, 0, 0, 0, 0,
        'TTV Weinheim-West', '0 : 0', '0 : 0', '0 : 0', 0, 0, 2, '       ', '       ', '       ', '       ', '       ',
        '       ', '       ', '       ', '       ', '       ', '       ', '       ', '       ', '       ', '       ',
        '       ', 1694, 0, 0, 0, 0, '', 'Rhein-Neckar', 'BaTTV'),
       (89, 87, 32, 0, 1, 1, '2019-01-05 20:26:09', 'Lehmann, Martin (3)', 0, 0, 0, 0, 0, 0, 0, 'SV Rust', '0 : 0',
        '0 : 0', '0 : 0', 0, 0, 3, '       ', '       ', '       ', '       ', '       ', '       ', '       ',
        '       ', '       ', '       ', '       ', '       ', '       ', '       ', '       ', '       ', 1693, 0, 0,
        0, 0, '', 'Ortenau', 'SbTTV'),
       (90, 127, 33, 0, 1, 1, '2019-01-05 20:26:09', 'Vogt, Gordon (4)', 0, 0, 0, 0, 0, 0, 0, 'SV Böblingen', '0 : 0',
        '0 : 0', '0 : 0', 0, 0, 4, '       ', '       ', '       ', '       ', '       ', '       ', '       ',
        '       ', '       ', '       ', '       ', '       ', '       ', '       ', '       ', '       ', 1691, 0, 0,
        0, 0, '', 'Böblingen', 'TTVWH'),
       (91, 189, 34, 0, 1, 1, '2019-01-05 20:26:09', 'Marijic, Viktor (5)', 0, 0, 0, 0, 0, 0, 0, 'TB Bad Rotenfels',
        '0 : 0', '0 : 0', '0 : 0', 0, 0, 5, '       ', '       ', '       ', '       ', '       ', '       ', '       ',
        '       ', '       ', '       ', '       ', '       ', '       ', '       ', '       ', '       ', 1689, 0, 0,
        0, 0, '', 'Rastatt/Baden-Baden', 'SbTTV'),
       (92, 73, 35, 0, 1, 1, '2019-01-05 20:26:09', 'Jerkovic, Marin (6)', 0, 0, 0, 0, 0, 0, 0, 'TV Bad Rappenau',
        '0 : 0', '0 : 0', '0 : 0', 0, 0, 6, '       ', '       ', '       ', '       ', '       ', '       ', '       ',
        '       ', '       ', '       ', '       ', '       ', '       ', '       ', '       ', '       ', 1687, 0, 0,
        0, 0, '', 'Sinsheim', 'BaTTV'),
       (93, 70, 36, 0, 1, 1, '2019-01-05 20:26:09', 'Hirsch, Jörg (7)', 0, 0, 0, 0, 0, 0, 0, 'TTV Mühlhausen', '0 : 0',
        '0 : 0', '0 : 0', 0, 0, 7, '       ', '       ', '       ', '       ', '       ', '       ', '       ',
        '       ', '       ', '       ', '       ', '       ', '       ', '       ', '       ', '       ', 1682, 0, 0,
        0, 0, '', 'Heidelberg', 'BaTTV'),
       (94, 93, 37, 0, 1, 1, '2019-01-05 20:26:09', 'Müller, Henry (8)', 0, 0, 0, 0, 0, 0, 0, 'TTSF Hohberg', '0 : 0',
        '0 : 0', '0 : 0', 0, 0, 8, '       ', '       ', '       ', '       ', '       ', '       ', '       ',
        '       ', '       ', '       ', '       ', '       ', '       ', '       ', '       ', '       ', 1679, 0, 0,
        0, 0, '', 'Ortenau', 'SbTTV'),
       (95, 158, 38, 0, 1, 1, '2019-01-05 20:26:09', 'Bauermeister, Benjamin (9)', 0, 0, 0, 0, 0, 0, 0, 'TTV Ettlingen',
        '0 : 0', '0 : 0', '0 : 0', 0, 0, 9, '       ', '       ', '       ', '       ', '       ', '       ', '       ',
        '       ', '       ', '       ', '       ', '       ', '       ', '       ', '       ', '       ', 1676, 0, 0,
        0, 0, '', 'Karlsruhe', 'BaTTV'),
       (96, 102, 39, 0, 1, 1, '2019-01-05 20:26:09', 'Rannaud, Arthur (10)', 0, 0, 0, 0, 0, 0, 0, 'TV Murrhardt',
        '0 : 0', '0 : 0', '0 : 0', 0, 0, 10, '       ', '       ', '       ', '       ', '       ', '       ',
        '       ', '       ', '       ', '       ', '       ', '       ', '       ', '       ', '       ', '       ',
        1669, 0, 0, 0, 0, '', 'Rems', 'TTVWH'),
       (97, 104, 40, 0, 1, 1, '2019-01-05 20:26:09', 'Rathfelder, Kai (11)', 0, 0, 0, 0, 0, 0, 0, 'TGV Dürrenzimmern',
        '0 : 0', '0 : 0', '0 : 0', 0, 0, 11, '       ', '       ', '       ', '       ', '       ', '       ',
        '       ', '       ', '       ', '       ', '       ', '       ', '       ', '       ', '       ', '       ',
        1665, 0, 0, 0, 0, '', 'Heilbronn', 'TTVWH'),
       (98, 75, 41, 0, 1, 1, '2019-01-05 20:26:09', 'Kaschkat, Wulf (12)', 0, 0, 0, 0, 0, 0, 0, 'TTV Bühlertal',
        '0 : 0', '0 : 0', '0 : 0', 0, 0, 12, '       ', '       ', '       ', '       ', '       ', '       ',
        '       ', '       ', '       ', '       ', '       ', '       ', '       ', '       ', '       ', '       ',
        1656, 0, 0, 0, 0, '', 'Rastatt/Baden-Baden', 'SbTTV'),
       (99, 101, 42, 0, 1, 1, '2019-01-05 20:26:09', 'Ramljak, Ivan (13)', 0, 0, 0, 0, 0, 0, 0, 'TB Gaggenau', '0 : 0',
        '0 : 0', '0 : 0', 0, 0, 13, '       ', '       ', '       ', '       ', '       ', '       ', '       ',
        '       ', '       ', '       ', '       ', '       ', '       ', '       ', '       ', '       ', 1654, 0, 0,
        0, 0, '', 'Rastatt/Baden-Baden', 'SbTTV'),
       (100, 184, 43, 0, 1, 1, '2019-01-05 20:26:09', 'Loose, Christian (14)', 0, 0, 0, 0, 0, 0, 0, 'TB Bad Rotenfels',
        '0 : 0', '0 : 0', '0 : 0', 0, 0, 14, '       ', '       ', '       ', '       ', '       ', '       ',
        '       ', '       ', '       ', '       ', '       ', '       ', '       ', '       ', '       ', '       ',
        1651, 0, 0, 0, 0, '', 'Rastatt/Baden-Baden', 'SbTTV'),
       (101, 62, 44, 0, 1, 1, '2019-01-05 20:26:09', 'Ghaffari, Nima (15)', 0, 0, 0, 0, 0, 0, 0, 'ASV Grünwettersbach',
        '0 : 0', '0 : 0', '0 : 0', 0, 0, 15, '       ', '       ', '       ', '       ', '       ', '       ',
        '       ', '       ', '       ', '       ', '       ', '       ', '       ', '       ', '       ', '       ',
        1650, 0, 0, 0, 0, '', 'Karlsruhe', 'BaTTV'),
       (102, 156, 45, 0, 1, 1, '2019-01-05 20:26:09', 'Bambach, Louis (16)', 0, 0, 0, 0, 0, 0, 0, 'FC Bayern München',
        '0 : 0', '0 : 0', '0 : 0', 0, 0, 16, '       ', '       ', '       ', '       ', '       ', '       ',
        '       ', '       ', '       ', '       ', '       ', '       ', '       ', '       ', '       ', '       ',
        1645, 0, 0, 0, 0, '', 'Oberbayern-Mitte', 'ByTTV'),
       (103, 91, 46, 0, 1, 1, '2019-01-05 20:26:09', 'Marijic, Simo (17)', 0, 0, 0, 0, 0, 0, 0, 'TB Gaggenau', '0 : 0',
        '0 : 0', '0 : 0', 0, 0, 17, '       ', '       ', '       ', '       ', '       ', '       ', '       ',
        '       ', '       ', '       ', '       ', '       ', '       ', '       ', '       ', '       ', 1643, 0, 0,
        0, 0, '', 'Rastatt/Baden-Baden', 'SbTTV'),
       (104, 210, 47, 0, 1, 1, '2019-01-05 20:26:09', 'Seker, Koray (18)', 0, 0, 0, 0, 0, 0, 0, 'TTV Ettlingen',
        '0 : 0', '0 : 0', '0 : 0', 0, 0, 18, '       ', '       ', '       ', '       ', '       ', '       ',
        '       ', '       ', '       ', '       ', '       ', '       ', '       ', '       ', '       ', '       ',
        1632, 0, 0, 0, 0, '', 'Karlsruhe', 'BaTTV'),
       (105, 200, 48, 0, 1, 1, '2019-01-05 20:26:09', 'Reichelt, Gerhard (19)', 0, 0, 0, 0, 0, 0, 0, 'DJK Vogelstang',
        '0 : 0', '0 : 0', '0 : 0', 0, 0, 19, '       ', '       ', '       ', '       ', '       ', '       ',
        '       ', '       ', '       ', '       ', '       ', '       ', '       ', '       ', '       ', '       ',
        1629, 0, 0, 0, 0, '', 'Rhein-Neckar', 'BaTTV'),
       (106, 169, 49, 0, 1, 1, '2019-01-05 20:26:09', 'Clemense, Carlo (20)', 0, 0, 0, 0, 0, 0, 0, 'TV Knielingen',
        '0 : 0', '0 : 0', '0 : 0', 0, 0, 20, '       ', '       ', '       ', '       ', '       ', '       ',
        '       ', '       ', '       ', '       ', '       ', '       ', '       ', '       ', '       ', '       ',
        1628, 0, 0, 0, 0, '', 'Karlsruhe', 'BaTTV'),
       (107, 153, 50, 0, 1, 1, '2019-01-05 20:26:09', 'Arnold, Gerd (21)', 0, 0, 0, 0, 0, 0, 0, 'SV Böblingen', '0 : 0',
        '0 : 0', '0 : 0', 0, 0, 21, '       ', '       ', '       ', '       ', '       ', '       ', '       ',
        '       ', '       ', '       ', '       ', '       ', '       ', '       ', '       ', '       ', 1628, 0, 0,
        0, 0, '', 'Böblingen', 'TTVWH'),
       (108, 170, 51, 0, 1, 1, '2019-01-05 20:26:09', 'Dang, Doan Phi (22)', 0, 0, 0, 0, 0, 0, 0, 'TV Oberhaugstett',
        '0 : 0', '0 : 0', '0 : 0', 0, 0, 22, '       ', '       ', '       ', '       ', '       ', '       ',
        '       ', '       ', '       ', '       ', '       ', '       ', '       ', '       ', '       ', '       ',
        1623, 0, 0, 0, 0, '', 'Schwarzwald', 'TTVWH'),
       (109, 56, 52, 0, 1, 1, '2019-01-05 20:26:09', 'Dresel, Jürgen (23)', 0, 0, 0, 0, 0, 0, 0, 'TTV Bühlertal',
        '0 : 0', '0 : 0', '0 : 0', 0, 0, 23, '       ', '       ', '       ', '       ', '       ', '       ',
        '       ', '       ', '       ', '       ', '       ', '       ', '       ', '       ', '       ', '       ',
        1623, 0, 0, 0, 0, '', 'Rastatt/Baden-Baden', 'SbTTV'),
       (110, 86, 53, 0, 1, 1, '2019-01-05 20:26:09', 'Lederer, Niklas (24)', 0, 0, 0, 0, 0, 0, 0,
        'SG Heidelberg-Neuenheim', '0 : 0', '0 : 0', '0 : 0', 0, 0, 24, '       ', '       ', '       ', '       ',
        '       ', '       ', '       ', '       ', '       ', '       ', '       ', '       ', '       ', '       ',
        '       ', '       ', 1620, 0, 0, 0, 0, '', 'Heidelberg', 'BaTTV'),
       (111, 81, 54, 0, 1, 1, '2019-01-05 20:26:09', 'Kronich, Jan Thomas (25)', 0, 0, 0, 0, 0, 0, 0,
        'SV Leonberg/Eltingen', '0 : 0', '0 : 0', '0 : 0', 0, 0, 25, '       ', '       ', '       ', '       ',
        '       ', '       ', '       ', '       ', '       ', '       ', '       ', '       ', '       ', '       ',
        '       ', '       ', 1619, 0, 0, 0, 0, '', 'Böblingen', 'TTVWH'),
       (112, 187, 55, 0, 1, 1, '2019-01-05 20:26:09', 'Löffler, Paul (26)', 0, 0, 0, 0, 0, 0, 0, 'SV Landau West',
        '0 : 0', '0 : 0', '0 : 0', 0, 0, 26, '       ', '       ', '       ', '       ', '       ', '       ',
        '       ', '       ', '       ', '       ', '       ', '       ', '       ', '       ', '       ', '       ',
        1614, 0, 0, 0, 0, '', 'Vorderpfalz-Süd', 'PTTV'),
       (113, 211, 56, 0, 1, 1, '2019-01-05 20:26:09', 'Sierpek, Oliver (27)', 0, 0, 0, 0, 0, 0, 0, 'TTC Birkenfeld',
        '0 : 0', '0 : 0', '0 : 0', 0, 0, 27, '       ', '       ', '       ', '       ', '       ', '       ',
        '       ', '       ', '       ', '       ', '       ', '       ', '       ', '       ', '       ', '       ',
        1614, 0, 0, 0, 0, '', 'Schwarzwald', 'TTVWH'),
       (114, 123, 57, 0, 1, 1, '2019-01-05 20:26:09', 'Stückert, Eugen (28)', 0, 0, 0, 0, 0, 0, 0,
        'SG Heidelberg-Neuenheim', '0 : 0', '0 : 0', '0 : 0', 0, 0, 28, '       ', '       ', '       ', '       ',
        '       ', '       ', '       ', '       ', '       ', '       ', '       ', '       ', '       ', '       ',
        '       ', '       ', 1611, 0, 0, 0, 0, '', 'Heidelberg', 'BaTTV'),
       (115, 125, 58, 0, 1, 1, '2019-01-05 20:26:09', 'Thomas, Paul (29)', 0, 0, 0, 0, 0, 0, 0, 'TTV Weinheim-West',
        '0 : 0', '0 : 0', '0 : 0', 0, 0, 29, '       ', '       ', '       ', '       ', '       ', '       ',
        '       ', '       ', '       ', '       ', '       ', '       ', '       ', '       ', '       ', '       ',
        1610, 0, 0, 0, 0, '', 'Rhein-Neckar', 'BaTTV'),
       (116, 190, 55, 0, 2, 2, '2019-01-05 20:26:09', 'Mehlhorn, Torsten', 0, 0, 0, 0, 0, 0, 0, 'TTV Bühlertal',
        '0 : 0', '0 : 0', '0 : 0', 0, 0, 0, '       ', '       ', '       ', '       ', '       ', '       ', '       ',
        '       ', '       ', '       ', '       ', '       ', '       ', '       ', '       ', '       ', 1466, 0, 0,
        0, 0, '', 'Rastatt/Baden-Baden', 'SbTTV'),
       (117, 202, 45, 0, 2, 2, '2019-01-05 20:26:09', 'Reith, Christian', 0, 0, 0, 0, 0, 0, 0, 'TTC Langensteinbach',
        '0 : 0', '0 : 0', '0 : 0', 0, 0, 0, '       ', '       ', '       ', '       ', '       ', '       ', '       ',
        '       ', '       ', '       ', '       ', '       ', '       ', '       ', '       ', '       ', 1449, 0, 0,
        0, 0, '', 'Karlsruhe', 'BaTTV'),
       (118, 161, 58, 0, 2, 2, '2019-01-05 20:26:09', 'Biller, Kirill', 0, 0, 0, 0, 0, 0, 0, 'DJK Vogelstang', '0 : 0',
        '0 : 0', '0 : 0', 0, 0, 0, '       ', '       ', '       ', '       ', '       ', '       ', '       ',
        '       ', '       ', '       ', '       ', '       ', '       ', '       ', '       ', '       ', 1560, 0, 0,
        0, 0, '', 'Rhein-Neckar', 'BaTTV'),
       (119, 199, 57, 0, 2, 2, '2019-01-05 20:26:09', 'Ramakrishna, Pradeep', 0, 0, 0, 0, 0, 0, 0,
        'TSV Georgii Allianz', '0 : 0', '0 : 0', '0 : 0', 0, 0, 0, '       ', '       ', '       ', '       ',
        '       ', '       ', '       ', '       ', '       ', '       ', '       ', '       ', '       ', '       ',
        '       ', '       ', 1457, 0, 0, 0, 0, '', 'Stuttgart', 'TTVWH'),
       (120, 171, 56, 0, 3, 3, '2019-01-05 20:26:09', 'Demisch, Luca', 0, 0, 0, 0, 0, 0, 0, 'TV Murrhardt', '0 : 0',
        '0 : 0', '0 : 0', 0, 0, 0, '       ', '       ', '       ', '       ', '       ', '       ', '       ',
        '       ', '       ', '       ', '       ', '       ', '       ', '       ', '       ', '       ', 1532, 0, 0,
        0, 0, '', 'Rems', 'TTVWH'),
       (121, 166, 54, 0, 2, 2, '2019-01-05 20:26:09', 'Braun, Marcel', 0, 0, 0, 0, 0, 0, 0, 'VfL Kirchheim', '0 : 0',
        '0 : 0', '0 : 0', 0, 0, 0, '       ', '       ', '       ', '       ', '       ', '       ', '       ',
        '       ', '       ', '       ', '       ', '       ', '       ', '       ', '       ', '       ', 1552, 0, 0,
        0, 0, '', 'Esslingen', 'TTVWH'),
       (122, 201, 53, 0, 2, 2, '2019-01-05 20:26:09', 'Reichelt, Robin', 0, 0, 0, 0, 0, 0, 0, 'SKV Sandhofen', '0 : 0',
        '0 : 0', '0 : 0', 0, 0, 0, '       ', '       ', '       ', '       ', '       ', '       ', '       ',
        '       ', '       ', '       ', '       ', '       ', '       ', '       ', '       ', '       ', 1483, 0, 0,
        0, 0, '', 'Rhein-Neckar', 'BaTTV'),
       (123, 212, 52, 0, 2, 2, '2019-01-05 20:26:09', 'Sonnentag, Jörg', 0, 0, 0, 0, 0, 0, 0, 'TTV Weinheim-West',
        '0 : 0', '0 : 0', '0 : 0', 0, 0, 0, '       ', '       ', '       ', '       ', '       ', '       ', '       ',
        '       ', '       ', '       ', '       ', '       ', '       ', '       ', '       ', '       ', 1485, 0, 0,
        0, 0, '', 'Rhein-Neckar', 'BaTTV'),
       (124, 124, 51, 0, 2, 2, '2019-01-05 20:26:09', 'Sverdlik, Alexander', 0, 0, 0, 0, 0, 0, 0, 'SV Böblingen',
        '0 : 0', '0 : 0', '0 : 0', 0, 0, 0, '       ', '       ', '       ', '       ', '       ', '       ', '       ',
        '       ', '       ', '       ', '       ', '       ', '       ', '       ', '       ', '       ', 1601, 0, 0,
        0, 0, '', 'Böblingen', 'TTVWH'),
       (125, 157, 50, 0, 3, 3, '2019-01-05 20:26:09', 'Bauer, Jens', 0, 0, 0, 0, 0, 0, 0, 'TTV Bühlertal', '0 : 0',
        '0 : 0', '0 : 0', 0, 0, 0, '       ', '       ', '       ', '       ', '       ', '       ', '       ',
        '       ', '       ', '       ', '       ', '       ', '       ', '       ', '       ', '       ', 1388, 0, 0,
        0, 0, '', 'Rastatt/Baden-Baden', 'SbTTV'),
       (126, 173, 49, 0, 2, 2, '2019-01-05 20:26:10', 'Dobler, Markus', 0, 0, 0, 0, 0, 0, 0, 'SV Waldhilsbach', '0 : 0',
        '0 : 0', '0 : 0', 0, 0, 0, '       ', '       ', '       ', '       ', '       ', '       ', '       ',
        '       ', '       ', '       ', '       ', '       ', '       ', '       ', '       ', '       ', 1588, 0, 0,
        0, 0, '', 'Heidelberg', 'BaTTV'),
       (127, 188, 48, 0, 2, 2, '2019-01-05 20:26:10', 'Mai, Phu', 0, 0, 0, 0, 0, 0, 0, 'SV Böblingen', '0 : 0', '0 : 0',
        '0 : 0', 0, 0, 0, '       ', '       ', '       ', '       ', '       ', '       ', '       ', '       ',
        '       ', '       ', '       ', '       ', '       ', '       ', '       ', '       ', 1517, 0, 0, 0, 0, '',
        'Böblingen', 'TTVWH'),
       (128, 167, 47, 0, 2, 2, '2019-01-05 20:26:10', 'Burkhard, Frank', 0, 0, 0, 0, 0, 0, 0, 'TB Bad Rotenfels',
        '0 : 0', '0 : 0', '0 : 0', 0, 0, 0, '       ', '       ', '       ', '       ', '       ', '       ', '       ',
        '       ', '       ', '       ', '       ', '       ', '       ', '       ', '       ', '       ', 1508, 0, 0,
        0, 0, '', 'Rastatt/Baden-Baden', 'SbTTV'),
       (129, 176, 46, 0, 2, 2, '2019-01-05 20:26:10', 'Held, Julian', 0, 0, 0, 0, 0, 0, 0, 'TTV Ettlingen', '0 : 0',
        '0 : 0', '0 : 0', 0, 0, 0, '       ', '       ', '       ', '       ', '       ', '       ', '       ',
        '       ', '       ', '       ', '       ', '       ', '       ', '       ', '       ', '       ', 1499, 0, 0,
        0, 0, '', 'Karlsruhe', 'BaTTV'),
       (130, 213, 44, 0, 3, 3, '2019-01-05 20:26:10', 'Stelzl, Patrick', 0, 0, 0, 0, 0, 0, 0, 'TTC Birkenfeld', '0 : 0',
        '0 : 0', '0 : 0', 0, 0, 0, '       ', '       ', '       ', '       ', '       ', '       ', '       ',
        '       ', '       ', '       ', '       ', '       ', '       ', '       ', '       ', '       ', 1477, 0, 0,
        0, 0, '', 'Schwarzwald', 'TTVWH'),
       (131, 159, 43, 0, 2, 2, '2019-01-05 20:26:10', 'Bergbach, Roland', 0, 0, 0, 0, 0, 0, 0, 'TTSV Kenzingen',
        '0 : 0', '0 : 0', '0 : 0', 0, 0, 0, '       ', '       ', '       ', '       ', '       ', '       ', '       ',
        '       ', '       ', '       ', '       ', '       ', '       ', '       ', '       ', '       ', 1585, 0, 0,
        0, 0, '', 'Breisgau', 'SbTTV'),
       (132, 162, 42, 0, 2, 2, '2019-01-05 20:26:10', 'Bissessur, Preetam', 0, 0, 0, 0, 0, 0, 0, 'TTV Ettlingen',
        '0 : 0', '0 : 0', '0 : 0', 0, 0, 0, '       ', '       ', '       ', '       ', '       ', '       ', '       ',
        '       ', '       ', '       ', '       ', '       ', '       ', '       ', '       ', '       ', 1525, 0, 0,
        0, 0, '', 'Karlsruhe', 'BaTTV'),
       (133, 121, 41, 0, 2, 2, '2019-01-05 20:26:10', 'Brenner, Michael', 0, 0, 0, 0, 0, 0, 0, 'SVK Beiertheim',
        '0 : 0', '0 : 0', '0 : 0', 0, 0, 0, '       ', '       ', '       ', '       ', '       ', '       ', '       ',
        '       ', '       ', '       ', '       ', '       ', '       ', '       ', '       ', '       ', 1386, 0, 0,
        0, 0, '', 'Karlsruhe', 'BaTTV'),
       (134, 185, 40, 0, 3, 3, '2019-01-05 20:26:10', 'Lutz, Markus', 0, 0, 0, 0, 0, 0, 0, 'SG Heidelberg-Neuenheim',
        '0 : 0', '0 : 0', '0 : 0', 0, 0, 0, '       ', '       ', '       ', '       ', '       ', '       ', '       ',
        '       ', '       ', '       ', '       ', '       ', '       ', '       ', '       ', '       ', 1468, 0, 0,
        0, 0, '', 'Heidelberg', 'BaTTV'),
       (135, 154, 39, 0, 2, 2, '2019-01-05 20:26:10', 'Atlas, Florian', 0, 0, 0, 0, 0, 0, 0, 'TTC Birkenfeld', '0 : 0',
        '0 : 0', '0 : 0', 0, 0, 0, '       ', '       ', '       ', '       ', '       ', '       ', '       ',
        '       ', '       ', '       ', '       ', '       ', '       ', '       ', '       ', '       ', 1610, 0, 0,
        0, 0, '', 'Schwarzwald', 'TTVWH'),
       (136, 182, 38, 0, 2, 2, '2019-01-05 20:26:10', 'Lange, Stephan', 0, 0, 0, 0, 0, 0, 0, 'TTC73 Oberderdingen',
        '0 : 0', '0 : 0', '0 : 0', 0, 0, 0, '       ', '       ', '       ', '       ', '       ', '       ', '       ',
        '       ', '       ', '       ', '       ', '       ', '       ', '       ', '       ', '       ', 1415, 0, 0,
        0, 0, '', 'Ludwigsburg', 'TTVWH'),
       (137, 155, 37, 0, 2, 2, '2019-01-05 20:26:10', 'Ball, Florian', 0, 0, 0, 0, 0, 0, 0, 'TB Bad Rotenfels', '0 : 0',
        '0 : 0', '0 : 0', 0, 0, 0, '       ', '       ', '       ', '       ', '       ', '       ', '       ',
        '       ', '       ', '       ', '       ', '       ', '       ', '       ', '       ', '       ', 1482, 0, 0,
        0, 0, '', 'Rastatt/Baden-Baden', 'SbTTV'),
       (138, 186, 36, 0, 3, 3, '2019-01-05 20:26:10', 'Löffler, David', 0, 0, 0, 0, 0, 0, 0, 'SV Landau West', '0 : 0',
        '0 : 0', '0 : 0', 0, 0, 0, '       ', '       ', '       ', '       ', '       ', '       ', '       ',
        '       ', '       ', '       ', '       ', '       ', '       ', '       ', '       ', '       ', 1463, 0, 0,
        0, 0, '', 'Vorderpfalz-Süd', 'PTTV'),
       (139, 94, 35, 0, 2, 2, '2019-01-05 20:26:10', 'Nicoleit, Thomas', 0, 0, 0, 0, 0, 0, 0, 'TV Ottenhausen', '0 : 0',
        '0 : 0', '0 : 0', 0, 0, 0, '       ', '       ', '       ', '       ', '       ', '       ', '       ',
        '       ', '       ', '       ', '       ', '       ', '       ', '       ', '       ', '       ', 1520, 0, 0,
        0, 0, '', 'Pforzheim', 'BaTTV'),
       (140, 208, 34, 0, 2, 2, '2019-01-05 20:26:10', 'Schwegler, Sebastian', 0, 0, 0, 0, 0, 0, 0, 'TSG Blankenloch',
        '0 : 0', '0 : 0', '0 : 0', 0, 0, 0, '       ', '       ', '       ', '       ', '       ', '       ', '       ',
        '       ', '       ', '       ', '       ', '       ', '       ', '       ', '       ', '       ', 1442, 0, 0,
        0, 0, '', 'Karlsruhe', 'BaTTV'),
       (141, 196, 33, 0, 3, 3, '2019-01-05 20:26:10', 'Paul, Andreas', 0, 0, 0, 0, 0, 0, 0, 'TTC Karlsruhe-Neureut',
        '0 : 0', '0 : 0', '0 : 0', 0, 0, 0, '       ', '       ', '       ', '       ', '       ', '       ', '       ',
        '       ', '       ', '       ', '       ', '       ', '       ', '       ', '       ', '       ', 1544, 0, 0,
        0, 0, '', 'Karlsruhe', 'BaTTV'),
       (142, 216, 32, 0, 2, 2, '2019-01-05 20:26:10', 'Stolz, Rainer', 0, 0, 0, 0, 0, 0, 0, 'VfL Sindelfingen', '0 : 0',
        '0 : 0', '0 : 0', 0, 0, 0, '       ', '       ', '       ', '       ', '       ', '       ', '       ',
        '       ', '       ', '       ', '       ', '       ', '       ', '       ', '       ', '       ', 1507, 0, 0,
        0, 0, '', 'Böblingen', 'TTVWH'),
       (143, 65, 31, 0, 2, 2, '2019-01-05 20:26:10', 'Graf, Enrico-Maurice', 0, 0, 0, 0, 0, 0, 0, 'TG Sachsenhausen 04',
        '0 : 0', '0 : 0', '0 : 0', 0, 0, 0, '       ', '       ', '       ', '       ', '       ', '       ', '       ',
        '       ', '       ', '       ', '       ', '       ', '       ', '       ', '       ', '       ', 1599, 0, 0,
        0, 0, 'Frankfurt', 'Süd', 'HeTTV'),
       (144, 181, 30, 0, 3, 3, '2019-01-05 20:26:10', 'Kohler, Markus', 0, 0, 0, 0, 0, 0, 0, 'TTV Bühlertal', '0 : 0',
        '0 : 0', '0 : 0', 0, 0, 0, '       ', '       ', '       ', '       ', '       ', '       ', '       ',
        '       ', '       ', '       ', '       ', '       ', '       ', '       ', '       ', '       ', 1339, 0, 0,
        0, 0, '', 'Rastatt/Baden-Baden', 'SbTTV'),
       (145, 120, 30, 0, 2, 2, '2019-01-05 20:26:10', 'Stellrecht, Daniel', 0, 0, 0, 0, 0, 0, 0, 'DJK Käfertal',
        '0 : 0', '0 : 0', '0 : 0', 0, 0, 0, '       ', '       ', '       ', '       ', '       ', '       ', '       ',
        '       ', '       ', '       ', '       ', '       ', '       ', '       ', '       ', '       ', 1521, 0, 0,
        0, 0, '', 'Rhein-Neckar', 'BaTTV'),
       (146, 204, 31, 0, 3, 3, '2019-01-05 20:26:10', 'Riehl, Andreas', 0, 0, 0, 0, 0, 0, 0, 'TTV Albersweiler',
        '0 : 0', '0 : 0', '0 : 0', 0, 0, 0, '       ', '       ', '       ', '       ', '       ', '       ', '       ',
        '       ', '       ', '       ', '       ', '       ', '       ', '       ', '       ', '       ', 1520, 0, 0,
        0, 0, '', 'Vorderpfalz-Süd', 'PTTV'),
       (147, 195, 32, 0, 3, 3, '2019-01-05 20:26:10', 'Oguz, Sener', 0, 0, 0, 0, 0, 0, 0, 'TTF Lengsdorf', '0 : 0',
        '0 : 0', '0 : 0', 0, 0, 0, '       ', '       ', '       ', '       ', '       ', '       ', '       ',
        '       ', '       ', '       ', '       ', '       ', '       ', '       ', '       ', '       ', 1490, 0, 0,
        0, 0, 'Bonn', 'Mittelrhein', 'WTTV'),
       (148, 165, 33, 0, 2, 2, '2019-01-05 20:26:10', 'Braun, Eric', 0, 0, 0, 0, 0, 0, 0, 'TSG Blankenloch', '0 : 0',
        '0 : 0', '0 : 0', 0, 0, 0, '       ', '       ', '       ', '       ', '       ', '       ', '       ',
        '       ', '       ', '       ', '       ', '       ', '       ', '       ', '       ', '       ', 1569, 0, 0,
        0, 0, '', 'Karlsruhe', 'BaTTV'),
       (149, 179, 35, 0, 3, 3, '2019-01-05 20:26:10', 'Karakas, Slavko', 0, 0, 0, 0, 0, 0, 0, 'TB Bad Rotenfels',
        '0 : 0', '0 : 0', '0 : 0', 0, 0, 0, '       ', '       ', '       ', '       ', '       ', '       ', '       ',
        '       ', '       ', '       ', '       ', '       ', '       ', '       ', '       ', '       ', 1459, 0, 0,
        0, 0, '', 'Rastatt/Baden-Baden', 'SbTTV'),
       (150, 207, 34, 0, 3, 3, '2019-01-05 20:26:10', 'Schneider, Phillip', 0, 0, 0, 0, 0, 0, 0, 'TS Durlach', '0 : 0',
        '0 : 0', '0 : 0', 0, 0, 0, '       ', '       ', '       ', '       ', '       ', '       ', '       ',
        '       ', '       ', '       ', '       ', '       ', '       ', '       ', '       ', '       ', 1415, 0, 0,
        0, 0, '', 'Karlsruhe', 'BaTTV'),
       (151, 203, 36, 0, 2, 2, '2019-01-05 20:26:10', 'Rieger, André', 0, 0, 0, 0, 0, 0, 0, 'TV Ottenhausen', '0 : 0',
        '0 : 0', '0 : 0', 0, 0, 0, '       ', '       ', '       ', '       ', '       ', '       ', '       ',
        '       ', '       ', '       ', '       ', '       ', '       ', '       ', '       ', '       ', 1499, 0, 0,
        0, 0, '', 'Pforzheim', 'BaTTV'),
       (152, 191, 37, 0, 3, 3, '2019-01-05 20:26:10', 'Merz, Simon', 0, 0, 0, 0, 0, 0, 0, 'TTC Berghaupten', '0 : 0',
        '0 : 0', '0 : 0', 0, 0, 0, '       ', '       ', '       ', '       ', '       ', '       ', '       ',
        '       ', '       ', '       ', '       ', '       ', '       ', '       ', '       ', '       ', 1413, 0, 0,
        0, 0, '', 'Ortenau', 'SbTTV'),
       (153, 206, 38, 0, 3, 3, '2019-01-05 20:26:10', 'Schmieg, Jessica', 0, 0, 0, 0, 0, 0, 0, 'TTC Berghaupten',
        '0 : 0', '0 : 0', '0 : 0', 0, 0, 0, '       ', '       ', '       ', '       ', '       ', '       ', '       ',
        '       ', '       ', '       ', '       ', '       ', '       ', '       ', '       ', '       ', 1326, 0, 0,
        0, 0, '', 'Ortenau', 'SbTTV'),
       (154, 96, 39, 0, 3, 3, '2019-01-05 20:26:10', 'Opolka, Alexander', 0, 0, 0, 0, 0, 0, 0, 'TTC Rauental', '0 : 0',
        '0 : 0', '0 : 0', 0, 0, 0, '       ', '       ', '       ', '       ', '       ', '       ', '       ',
        '       ', '       ', '       ', '       ', '       ', '       ', '       ', '       ', '       ', 1564, 0, 0,
        0, 0, '', 'Rastatt/Baden-Baden', 'SbTTV'),
       (155, 98, 40, 0, 2, 2, '2019-01-05 20:26:10', 'Pflieger, Tim', 0, 0, 0, 0, 0, 0, 0, 'TTSV Kenzingen', '0 : 0',
        '0 : 0', '0 : 0', 0, 0, 0, '       ', '       ', '       ', '       ', '       ', '       ', '       ',
        '       ', '       ', '       ', '       ', '       ', '       ', '       ', '       ', '       ', 1597, 0, 0,
        0, 0, '', 'Breisgau', 'SbTTV'),
       (156, 59, 41, 0, 3, 3, '2019-01-05 20:26:10', 'Garic, Ivan', 0, 0, 0, 0, 0, 0, 0, 'TV Murrhardt', '0 : 0',
        '0 : 0', '0 : 0', 0, 0, 0, '       ', '       ', '       ', '       ', '       ', '       ', '       ',
        '       ', '       ', '       ', '       ', '       ', '       ', '       ', '       ', '       ', 0, 0, 0, 0,
        0, '', 'Rems', 'TTVWH'),
       (157, 172, 43, 0, 3, 3, '2019-01-05 20:26:10', 'Dihlmann, Tobias', 0, 0, 0, 0, 0, 0, 0, 'TTV Ettlingen', '0 : 0',
        '0 : 0', '0 : 0', 0, 0, 0, '       ', '       ', '       ', '       ', '       ', '       ', '       ',
        '       ', '       ', '       ', '       ', '       ', '       ', '       ', '       ', '       ', 1495, 0, 0,
        0, 0, '', 'Karlsruhe', 'BaTTV'),
       (158, 217, 42, 0, 3, 3, '2019-01-05 20:26:11', 'Tran, Henry', 0, 0, 0, 0, 0, 0, 0, 'SPORTVG Feuerbach', '0 : 0',
        '0 : 0', '0 : 0', 0, 0, 0, '       ', '       ', '       ', '       ', '       ', '       ', '       ',
        '       ', '       ', '       ', '       ', '       ', '       ', '       ', '       ', '       ', 1471, 0, 0,
        0, 0, '', 'Stuttgart', 'TTVWH'),
       (159, 97, 44, 0, 2, 2, '2019-01-05 20:26:11', 'Pflieger, Sven', 0, 0, 0, 0, 0, 0, 0, 'TTSV Kenzingen', '0 : 0',
        '0 : 0', '0 : 0', 0, 0, 0, '       ', '       ', '       ', '       ', '       ', '       ', '       ',
        '       ', '       ', '       ', '       ', '       ', '       ', '       ', '       ', '       ', 1575, 0, 0,
        0, 0, '', 'Breisgau', 'SbTTV'),
       (160, 160, 45, 0, 3, 3, '2019-01-05 20:26:11', 'Bianzano, Fabio', 0, 0, 0, 0, 0, 0, 0, 'TTV Ettlingen', '0 : 0',
        '0 : 0', '0 : 0', 0, 0, 0, '       ', '       ', '       ', '       ', '       ', '       ', '       ',
        '       ', '       ', '       ', '       ', '       ', '       ', '       ', '       ', '       ', 1388, 0, 0,
        0, 0, '', 'Karlsruhe', 'BaTTV'),
       (161, 214, 46, 0, 3, 3, '2019-01-05 20:26:11', 'Stiehl, Silas', 0, 0, 0, 0, 0, 0, 0, 'TTC Karlsruhe-Neureut',
        '0 : 0', '0 : 0', '0 : 0', 0, 0, 0, '       ', '       ', '       ', '       ', '       ', '       ', '       ',
        '       ', '       ', '       ', '       ', '       ', '       ', '       ', '       ', '       ', 1294, 0, 0,
        0, 0, '', 'Karlsruhe', 'BaTTV'),
       (162, 197, 47, 0, 3, 3, '2019-01-05 20:26:11', 'Pfannenstiel, Nikita', 0, 0, 0, 0, 0, 0, 0, 'TTV Erdmannhausen',
        '0 : 0', '0 : 0', '0 : 0', 0, 0, 0, '       ', '       ', '       ', '       ', '       ', '       ', '       ',
        '       ', '       ', '       ', '       ', '       ', '       ', '       ', '       ', '       ', 1376, 0, 0,
        0, 0, '', 'Ludwigsburg', 'TTVWH'),
       (163, 180, 48, 0, 3, 3, '2019-01-05 20:26:11', 'Kirsamer, Anton', 0, 0, 0, 0, 0, 0, 0, 'TTV Bühlertal', '0 : 0',
        '0 : 0', '0 : 0', 0, 0, 0, '       ', '       ', '       ', '       ', '       ', '       ', '       ',
        '       ', '       ', '       ', '       ', '       ', '       ', '       ', '       ', '       ', 1489, 0, 0,
        0, 0, '', 'Rastatt/Baden-Baden', 'SbTTV'),
       (164, 168, 49, 0, 3, 3, '2019-01-05 20:26:11', 'Caroppo, Daniel', 0, 0, 0, 0, 0, 0, 0, 'TTC Birkenfeld', '0 : 0',
        '0 : 0', '0 : 0', 0, 0, 0, '       ', '       ', '       ', '       ', '       ', '       ', '       ',
        '       ', '       ', '       ', '       ', '       ', '       ', '       ', '       ', '       ', 1543, 0, 0,
        0, 0, '', 'Schwarzwald', 'TTVWH'),
       (165, 83, 50, 0, 2, 2, '2019-01-05 20:26:11', 'Köhler, Felix', 0, 0, 0, 0, 0, 0, 0, 'TTV Mühlhausen', '0 : 0',
        '0 : 0', '0 : 0', 0, 0, 0, '       ', '       ', '       ', '       ', '       ', '       ', '       ',
        '       ', '       ', '       ', '       ', '       ', '       ', '       ', '       ', '       ', 1584, 0, 0,
        0, 0, '', 'Heidelberg', 'BaTTV'),
       (166, 193, 51, 0, 3, 3, '2019-01-05 20:26:11', 'Neumaier, Nico', 0, 0, 0, 0, 0, 0, 0, 'TTSF Hohberg', '0 : 0',
        '0 : 0', '0 : 0', 0, 0, 0, '       ', '       ', '       ', '       ', '       ', '       ', '       ',
        '       ', '       ', '       ', '       ', '       ', '       ', '       ', '       ', '       ', 1463, 0, 0,
        0, 0, '', 'Ortenau', 'SbTTV'),
       (167, 175, 52, 0, 3, 3, '2019-01-05 20:26:11', 'Filipovic, Miodrag', 0, 0, 0, 0, 0, 0, 0, 'TV Gernsbach',
        '0 : 0', '0 : 0', '0 : 0', 0, 0, 0, '       ', '       ', '       ', '       ', '       ', '       ', '       ',
        '       ', '       ', '       ', '       ', '       ', '       ', '       ', '       ', '       ', 1426, 0, 0,
        0, 0, '', 'Rastatt/Baden-Baden', 'SbTTV'),
       (168, 64, 53, 0, 3, 3, '2019-01-05 20:26:11', 'Golemac, Pavo', 0, 0, 0, 0, 0, 0, 0, 'DJK Käfertal', '0 : 0',
        '0 : 0', '0 : 0', 0, 0, 0, '       ', '       ', '       ', '       ', '       ', '       ', '       ',
        '       ', '       ', '       ', '       ', '       ', '       ', '       ', '       ', '       ', 1426, 0, 0,
        0, 0, '', 'Rhein-Neckar', 'BaTTV'),
       (169, 209, 54, 0, 3, 3, '2019-01-05 20:26:11', 'Sebald, Martin', 0, 0, 0, 0, 0, 0, 0, 'TTV Zell', '0 : 0',
        '0 : 0', '0 : 0', 0, 0, 0, '       ', '       ', '       ', '       ', '       ', '       ', '       ',
        '       ', '       ', '       ', '       ', '       ', '       ', '       ', '       ', '       ', 1484, 0, 0,
        0, 0, '', 'Staufen', 'TTVWH'),
       (170, 194, 55, 0, 3, 3, '2019-01-05 20:26:11', 'Nowak, David', 0, 0, 0, 0, 0, 0, 0, 'TTC Berghaupten', '0 : 0',
        '0 : 0', '0 : 0', 0, 0, 0, '       ', '       ', '       ', '       ', '       ', '       ', '       ',
        '       ', '       ', '       ', '       ', '       ', '       ', '       ', '       ', '       ', 1263, 0, 0,
        0, 0, '', 'Ortenau', 'SbTTV'),
       (171, 108, 56, 0, 2, 2, '2019-01-05 20:26:11', 'Riedel, Philipp', 0, 0, 0, 0, 0, 0, 0, 'SG Heidelberg-Neuenheim',
        '0 : 0', '0 : 0', '0 : 0', 0, 0, 0, '       ', '       ', '       ', '       ', '       ', '       ', '       ',
        '       ', '       ', '       ', '       ', '       ', '       ', '       ', '       ', '       ', 1596, 0, 0,
        0, 0, '', 'Heidelberg', 'BaTTV'),
       (172, 178, 57, 0, 3, 3, '2019-01-05 20:26:11', 'Kacar, Nebojsa', 0, 0, 0, 0, 0, 0, 0, 'TV Hambrücken', '0 : 0',
        '0 : 0', '0 : 0', 0, 0, 0, '       ', '       ', '       ', '       ', '       ', '       ', '       ',
        '       ', '       ', '       ', '       ', '       ', '       ', '       ', '       ', '       ', 1425, 0, 0,
        0, 0, '', 'Bruchsal', 'BaTTV'),
       (173, 126, 58, 0, 3, 3, '2019-01-05 20:26:11', 'Urli, Roberto', 0, 0, 0, 0, 0, 0, 0, 'TTC Berghaupten', '0 : 0',
        '0 : 0', '0 : 0', 0, 0, 0, '       ', '       ', '       ', '       ', '       ', '       ', '       ',
        '       ', '       ', '       ', '       ', '       ', '       ', '       ', '       ', '       ', 1537, 0, 0,
        0, 0, '', 'Ortenau', 'SbTTV'),
       (174, 141, 59, 0, 1, 2, '2019-10-25 17:31:29', 'Mayer, Lisa (1)', 0, 0, 0, 0, 0, 0, 0, 'TTV Weinheim-West',
        '0 : 0', '0 : 0', '0 : 0', 0, 0, 1, '       ', '       ', '       ', '       ', '       ', '       ', '       ',
        '       ', '       ', '       ', '       ', '       ', '       ', '       ', '       ', '       ', 1735, 0, 0,
        0, 0, '', 'Rhein-Neckar', 'BaTTV'),
       (175, 118, 60, 0, 1, 1, '2019-10-25 17:31:29', 'Skokanitsch, Anja (2)', 0, 0, 0, 0, 0, 0, 0, 'TuS Metzingen',
        '0 : 0', '0 : 0', '0 : 0', 0, 0, 2, '       ', '       ', '       ', '       ', '       ', '       ', '       ',
        '       ', '       ', '       ', '       ', '       ', '       ', '       ', '       ', '       ', 1700, 0, 0,
        0, 0, '', 'Alb', 'TTVWH'),
       (176, 137, 61, 0, 1, 1, '2019-10-25 17:31:29', 'Hinterberger, Elena (3)', 0, 0, 0, 0, 0, 0, 0,
        'TTV Weinheim-West', '0 : 0', '0 : 0', '0 : 0', 0, 0, 3, '       ', '       ', '       ', '       ', '       ',
        '       ', '       ', '       ', '       ', '       ', '       ', '       ', '       ', '       ', '       ',
        '       ', 1685, 0, 0, 0, 0, '', 'Rhein-Neckar', 'BaTTV'),
       (177, 140, 62, 0, 1, 1, '2019-10-25 17:31:29', 'Maurer, Kiara (4)', 0, 0, 0, 0, 0, 0, 0, 'TTV Ettlingen',
        '0 : 0', '0 : 0', '0 : 0', 0, 0, 4, '       ', '       ', '       ', '       ', '       ', '       ', '       ',
        '       ', '       ', '       ', '       ', '       ', '       ', '       ', '       ', '       ', 1677, 0, 0,
        0, 0, '', 'Karlsruhe', 'BaTTV'),
       (178, 78, 62, 0, 2, 2, '2019-10-25 17:31:29', 'Klett, Lisa (5)', 0, 0, 0, 0, 0, 0, 0, 'TSV Betzingen', '0 : 0',
        '0 : 0', '0 : 0', 0, 0, 5, '       ', '       ', '       ', '       ', '       ', '       ', '       ',
        '       ', '       ', '       ', '       ', '       ', '       ', '       ', '       ', '       ', 1664, 0, 0,
        0, 0, '', 'Alb', 'TTVWH'),
       (179, 145, 60, 0, 2, 2, '2019-10-25 17:31:29', 'Reisig, Carolin (6)', 0, 0, 0, 0, 0, 0, 0, 'TTV Weinheim-West',
        '0 : 0', '0 : 0', '0 : 0', 0, 0, 6, '       ', '       ', '       ', '       ', '       ', '       ', '       ',
        '       ', '       ', '       ', '       ', '       ', '       ', '       ', '       ', '       ', 1662, 0, 0,
        0, 0, '', 'Rhein-Neckar', 'BaTTV'),
       (180, 144, 61, 0, 2, 2, '2019-10-25 17:31:29', 'Prautzsch, Lisa (7)', 0, 0, 0, 0, 0, 0, 0, '1. TTC Ketsch',
        '0 : 0', '0 : 0', '0 : 0', 0, 0, 7, '       ', '       ', '       ', '       ', '       ', '       ', '       ',
        '       ', '       ', '       ', '       ', '       ', '       ', '       ', '       ', '       ', 1596, 0, 0,
        0, 0, '', 'Heidelberg', 'BaTTV'),
       (181, 136, 59, 0, 2, 1, '2019-10-25 17:31:29', 'Edelmann, Dorothea (8)', 0, 0, 0, 0, 0, 0, 0,
        'TTC Schefflenz-Auerbach', '0 : 0', '0 : 0', '0 : 0', 0, 0, 8, '       ', '       ', '       ', '       ',
        '       ', '       ', '       ', '       ', '       ', '       ', '       ', '       ', '       ', '       ',
        '       ', '       ', 1536, 0, 0, 0, 0, '', 'Mosbach', 'BaTTV'),
       (182, 146, 59, 0, 4, 3, '2019-10-25 17:31:29', 'Rothengass, Selina', 0, 0, 0, 0, 0, 0, 0,
        'TTG Neckarbischofsheim', '0 : 0', '0 : 0', '0 : 0', 0, 0, 0, '       ', '       ', '       ', '       ',
        '       ', '       ', '       ', '       ', '       ', '       ', '       ', '       ', '       ', '       ',
        '       ', '       ', 1485, 0, 0, 0, 0, '', 'Sinsheim', 'BaTTV'),
       (183, 149, 60, 0, 4, 3, '2019-10-25 17:31:29', 'Schneider, Katharina', 0, 0, 0, 0, 0, 0, 0,
        'TTC Bietigheim-Bissingen', '0 : 0', '0 : 0', '0 : 0', 0, 0, 0, '       ', '       ', '       ', '       ',
        '       ', '       ', '       ', '       ', '       ', '       ', '       ', '       ', '       ', '       ',
        '       ', '       ', 1203, 0, 0, 0, 0, '', 'Ludwigsburg', 'TTVWH'),
       (184, 148, 62, 0, 3, 3, '2019-10-25 17:31:29', 'Schikorra, Kerstin', 0, 0, 0, 0, 0, 0, 0, 'TTV Weinheim-West',
        '0 : 0', '0 : 0', '0 : 0', 0, 0, 0, '       ', '       ', '       ', '       ', '       ', '       ', '       ',
        '       ', '       ', '       ', '       ', '       ', '       ', '       ', '       ', '       ', 1441, 0, 0,
        0, 0, '', 'Rhein-Neckar', 'BaTTV'),
       (185, 150, 61, 0, 5, 5, '2019-10-25 17:31:29', 'Stickel, Ramona', 0, 0, 0, 0, 0, 0, 0, 'TTV Erdmannhausen',
        '0 : 0', '0 : 0', '0 : 0', 0, 0, 0, '       ', '       ', '       ', '       ', '       ', '       ', '       ',
        '       ', '       ', '       ', '       ', '       ', '       ', '       ', '       ', '       ', 968, 0, 0, 0,
        0, '', 'Ludwigsburg', 'TTVWH'),
       (186, 143, 61, 0, 3, 3, '2019-10-25 17:31:29', 'Pitz-Jung, Lara', 0, 0, 0, 0, 0, 0, 0, 'TTV Ettlingen', '0 : 0',
        '0 : 0', '0 : 0', 0, 0, 0, '       ', '       ', '       ', '       ', '       ', '       ', '       ',
        '       ', '       ', '       ', '       ', '       ', '       ', '       ', '       ', '       ', 1412, 0, 0,
        0, 0, '', 'Karlsruhe', 'BaTTV'),
       (187, 147, 62, 0, 4, 4, '2019-10-25 17:31:29', 'Rupprecht, Berit', 0, 0, 0, 0, 0, 0, 0, 'TTG Neckarbischofsheim',
        '0 : 0', '0 : 0', '0 : 0', 0, 0, 0, '       ', '       ', '       ', '       ', '       ', '       ', '       ',
        '       ', '       ', '       ', '       ', '       ', '       ', '       ', '       ', '       ', 1312, 0, 0,
        0, 0, '', 'Sinsheim', 'BaTTV'),
       (188, 138, 60, 0, 5, 4, '2019-10-25 17:31:29', 'Hofmann, Hanna', 0, 0, 0, 0, 0, 0, 0, 'TSV Goldbach', '0 : 0',
        '0 : 0', '0 : 0', 0, 0, 0, '       ', '       ', '       ', '       ', '       ', '       ', '       ',
        '       ', '       ', '       ', '       ', '       ', '       ', '       ', '       ', '       ', 976, 0, 0, 0,
        0, '', 'Hohenlohe', 'TTVWH'),
       (189, 134, 59, 0, 5, 4, '2019-10-25 17:31:29', 'Chatzidis, Jette Melina', 0, 0, 0, 0, 0, 0, 0,
        'TTV Erdmannhausen', '0 : 0', '0 : 0', '0 : 0', 0, 0, 0, '       ', '       ', '       ', '       ', '       ',
        '       ', '       ', '       ', '       ', '       ', '       ', '       ', '       ', '       ', '       ',
        '       ', 1242, 0, 0, 0, 0, '', 'Ludwigsburg', 'TTVWH'),
       (190, 139, 59, 0, 3, 5, '2019-10-25 17:31:29', 'Jakoby, Sabine', 0, 0, 0, 0, 0, 0, 0, 'TTV Weinheim-West',
        '0 : 0', '0 : 0', '0 : 0', 0, 0, 0, '       ', '       ', '       ', '       ', '       ', '       ', '       ',
        '       ', '       ', '       ', '       ', '       ', '       ', '       ', '       ', '       ', 1529, 0, 0,
        0, 0, '', 'Rhein-Neckar', 'BaTTV'),
       (191, 135, 60, 0, 3, 5, '2019-10-25 17:31:29', 'Dippold, Sabine', 0, 0, 0, 0, 0, 0, 0, 'TTV Weinheim-West',
        '0 : 0', '0 : 0', '0 : 0', 0, 0, 0, '       ', '       ', '       ', '       ', '       ', '       ', '       ',
        '       ', '       ', '       ', '       ', '       ', '       ', '       ', '       ', '       ', 1446, 0, 0,
        0, 0, '', 'Rhein-Neckar', 'BaTTV'),
       (192, 151, 61, 0, 4, 4, '2019-10-25 17:31:29', 'Vaas, Sarah', 0, 0, 0, 0, 0, 0, 0, 'TV Dienheim', '0 : 0',
        '0 : 0', '0 : 0', 0, 0, 0, '       ', '       ', '       ', '       ', '       ', '       ', '       ',
        '       ', '       ', '       ', '       ', '       ', '       ', '       ', '       ', '       ', 1402, 0, 0,
        0, 0, '', 'Mainz', 'RTTV');

INSERT INTO `play_evolutions` (`id`, `hash`, `applied_at`, `apply_script`, `revert_script`, `state`, `last_problem`)
VALUES (1, 'e31b108dd895cce3c2962ecb8d8a180cbdd68d21', '2022-11-03 18:07:12',
        'CREATE TABLE IF NOT EXISTS `matchtable` (\n`id` char(50) NOT NULL,\n`tableId` int(10) NOT NULL,\n`matchId` int(10) NOT NULL,\n`timestamp` timestamp NOT NULL DEFAULT CURRENT_TIMESTAMP,\nPRIMARY KEY (`id`)\n) ENGINE=InnoDB DEFAULT CHARSET=utf8;',
        'DROP TABLE IF EXISTS `matchtable`;', 'applied', '');

INSERT INTO `tables` (`Tabl_ID`, `Tabl_Name`, `Tabl_Group`, `Tabl_Left`, `Tabl_Timestamp`, `Tabl_Top`, `Tabl_Matc_ID`,
                      `Tabl_Tour_ID`)
VALUES (1, '1', NULL, 20, '2019-01-03 18:21:19', 10, NULL, 1),
       (2, '6', NULL, 20, '2019-01-03 18:21:19', 110, NULL, 1),
       (3, '11', NULL, 20, '2019-01-03 18:21:19', 210, NULL, 1),
       (4, '16', NULL, 20, '2019-01-03 18:21:19', 310, NULL, 1),
       (5, '2', NULL, 200, '2019-01-03 18:21:19', 10, NULL, 1),
       (6, '7', NULL, 200, '2019-01-03 18:21:19', 110, NULL, 1),
       (7, '12', NULL, 200, '2019-01-03 18:21:19', 210, NULL, 1),
       (8, '17', NULL, 200, '2019-01-03 18:21:19', 310, NULL, 1),
       (9, '3', NULL, 380, '2019-01-03 18:21:19', 10, NULL, 1),
       (10, '8', NULL, 380, '2019-01-03 18:21:19', 110, NULL, 1),
       (11, '13', NULL, 380, '2019-01-03 18:21:19', 210, NULL, 1),
       (12, '18', NULL, 380, '2019-01-03 18:21:19', 310, NULL, 1),
       (13, '21', NULL, 20, '2019-01-03 18:21:19', 410, NULL, 1),
       (14, '22', NULL, 200, '2019-01-03 18:21:19', 410, NULL, 1),
       (15, '23', NULL, 380, '2019-01-03 18:21:19', 410, NULL, 1),
       (16, '0', NULL, 20, '2019-01-03 18:21:19', 510, NULL, 1),
       (17, '0', NULL, 200, '2019-01-03 18:21:19', 510, NULL, 1),
       (18, '0', NULL, 380, '2019-01-03 18:21:19', 510, NULL, 1),
       (19, '4', NULL, 560, '2019-01-03 18:21:19', 10, NULL, 1),
       (20, '9', NULL, 560, '2019-01-03 18:21:19', 110, NULL, 1),
       (21, '14', NULL, 560, '2019-01-03 18:21:19', 210, NULL, 1),
       (22, '19', NULL, 560, '2019-01-03 18:21:19', 310, NULL, 1),
       (23, '24', NULL, 560, '2019-01-03 18:21:19', 410, NULL, 1),
       (24, '0', NULL, 560, '2019-01-03 18:21:19', 510, NULL, 1),
       (25, '0', NULL, 20, '2019-01-03 18:21:19', 610, NULL, 1),
       (26, '0', NULL, 200, '2019-01-03 18:21:19', 610, NULL, 1),
       (27, '0', NULL, 380, '2019-01-03 18:21:19', 610, NULL, 1),
       (28, '0', NULL, 560, '2019-01-03 18:21:19', 610, NULL, 1),
       (29, '5', NULL, 740, '2019-01-03 18:21:19', 10, NULL, 1),
       (30, '10', NULL, 740, '2019-01-03 18:21:19', 110, NULL, 1),
       (31, '15', NULL, 740, '2019-01-03 18:21:19', 210, NULL, 1),
       (32, '20', NULL, 740, '2019-01-03 18:21:19', 310, NULL, 1),
       (33, '0', NULL, 740, '2019-01-03 18:21:19', 410, NULL, 1),
       (34, '0', NULL, 740, '2019-01-03 18:21:19', 510, NULL, 1),
       (35, '0', NULL, 740, '2019-01-03 18:21:19', 610, NULL, 1),
       (36, '0', NULL, 920, '2019-01-03 18:21:19', 10, NULL, 1),
       (37, '0', NULL, 920, '2019-01-03 18:21:19', 110, NULL, 1),
       (38, '0', NULL, 920, '2019-01-03 18:21:19', 210, NULL, 1),
       (39, '0', NULL, 920, '2019-01-03 18:21:19', 310, NULL, 1),
       (40, '0', NULL, 920, '2019-01-03 18:21:19', 410, NULL, 1),
       (41, '0', NULL, 920, '2019-01-03 18:21:19', 510, NULL, 1),
       (42, '0', NULL, 920, '2019-01-03 18:21:19', 610, NULL, 1),
       (43, '0', NULL, 20, '2019-01-03 18:21:19', 710, NULL, 1),
       (44, '0', NULL, 200, '2019-01-03 18:21:19', 710, NULL, 1),
       (45, '0', NULL, 380, '2019-01-03 18:21:19', 710, NULL, 1),
       (46, '0', NULL, 560, '2019-01-03 18:21:19', 710, NULL, 1),
       (47, '0', NULL, 740, '2019-01-03 18:21:19', 710, NULL, 1),
       (48, '0', NULL, 920, '2019-01-03 18:21:19', 710, NULL, 1),
       (49, '0', NULL, 1100, '2019-01-03 18:21:19', 10, NULL, 1),
       (50, '0', NULL, 1100, '2019-01-03 18:21:19', 110, NULL, 1),
       (51, '0', NULL, 1100, '2019-01-03 18:21:19', 210, NULL, 1),
       (52, '0', NULL, 1100, '2019-01-03 18:21:19', 310, NULL, 1),
       (53, '0', NULL, 1100, '2019-01-03 18:21:19', 410, NULL, 1),
       (54, '0', NULL, 1100, '2019-01-03 18:21:19', 510, NULL, 1),
       (55, '0', NULL, 1100, '2019-01-03 18:21:19', 610, NULL, 1),
       (56, '0', NULL, 1100, '2019-01-03 18:21:19', 710, NULL, 1),
       (57, '0', NULL, 1280, '2019-01-03 18:21:19', 10, NULL, 1),
       (58, '0', NULL, 1280, '2019-01-03 18:21:19', 110, NULL, 1),
       (59, '0', NULL, 1280, '2019-01-03 18:21:19', 210, NULL, 1),
       (60, '0', NULL, 1280, '2019-01-03 18:21:19', 310, NULL, 1),
       (61, '0', NULL, 1280, '2019-01-03 18:21:19', 410, NULL, 1),
       (62, '0', NULL, 1280, '2019-01-03 18:21:19', 510, NULL, 1),
       (63, '0', NULL, 1280, '2019-01-03 18:21:19', 610, NULL, 1),
       (64, '0', NULL, 1280, '2019-01-03 18:21:19', 710, NULL, 1),
       (65, '0', NULL, 1460, '2019-01-03 18:21:19', 10, NULL, 1),
       (66, '0', NULL, 1460, '2019-01-03 18:21:19', 110, NULL, 1),
       (67, '0', NULL, 1460, '2019-01-03 18:21:19', 210, NULL, 1),
       (68, '0', NULL, 1460, '2019-01-03 18:21:19', 310, NULL, 1),
       (69, '0', NULL, 1460, '2019-01-03 18:21:19', 410, NULL, 1),
       (70, '0', NULL, 1460, '2019-01-03 18:21:19', 510, NULL, 1),
       (71, '0', NULL, 1460, '2019-01-03 18:21:19', 610, NULL, 1),
       (72, '0', NULL, 1460, '2019-01-03 18:21:19', 710, NULL, 1),
       (73, '0', NULL, 20, '2019-01-03 18:21:19', 810, NULL, 1),
       (74, '0', NULL, 200, '2019-01-03 18:21:19', 810, NULL, 1),
       (75, '0', NULL, 380, '2019-01-03 18:21:19', 810, NULL, 1),
       (76, '0', NULL, 560, '2019-01-03 18:21:19', 810, NULL, 1),
       (77, '0', NULL, 740, '2019-01-03 18:21:19', 810, NULL, 1),
       (78, '0', NULL, 920, '2019-01-03 18:21:19', 810, NULL, 1),
       (79, '0', NULL, 1100, '2019-01-03 18:21:19', 810, NULL, 1),
       (80, '0', NULL, 1280, '2019-01-03 18:21:19', 810, NULL, 1),
       (81, '0', NULL, 1460, '2019-01-03 18:21:19', 810, NULL, 1);

INSERT INTO `type` (`Type_ID`, `Type_Name`, `Type_Kind`, `Type_Syst_ID`, `Type_Clas_id`, `Type_KOSize`,
                    `Type_TrostrundeSize`, `Type_UrkundePrinted`, `Type_StartGebuehr`, `Type_NachmeldeGebuehr`,
                    `Type_PrintName`, `Type_clickTTCompetition`, `Type_Parenttype_ID`, `Type_Active`, `Type_Blocked`,
                    `Type_TeSy_ID`, `Type_groups`, `Type_System`, `Type_nextmatches`, `Type_Sex`, `Type_AgeFrom`,
                    `Type_AgeTo`, `Type_YearFrom`, `Type_YearTo`, `Type_TTRFrom`, `Type_TTRTo`, `Type_TTRRemarks`,
                    `Type_StartTime`, `Type_Trostrunde`, `Type_DritterPlatz`, `Type_KomplettKO`, `type_Aufstellung`,
                    `type_GewinnSaetze`, `type_Vorgabe`, `type_WinPoints`, `Type_timestamp`, `type_alleUrkunden`,
                    `type_KORounds`)
VALUES (1, 'Herren D', 1, 0, NULL, NULL, 0, NULL, 9, 0, 'Herren D 0-1500 Einzel',
        '',
        NULL, 1, 0, NULL, 0, 0, 0, 'G', 121, 11, 1898, 2008, 0, 1500, NULL, '2019-01-06 08:30:00', 0, 0, 0, 0, 3, 0, 11,
        '2019-01-03 18:21:44', 0, 0),
       (2, 'Herren D', 2, 3, NULL, NULL, 0, NULL, 0, 0, 'Herren D 0-1500 Doppel',
        '',
        NULL, 1, 0, NULL, 0, 0, 0, 'G', 121, 11, 1898, 2008, 0, 1500, NULL, '2019-01-06 08:30:00', 0, 0, 0, 0, 3, 0, 11,
        '2019-01-03 18:21:44', 0, 0),
       (3, 'Herren B', 1, 0, NULL, 0, 0, 0, 9, 0, 'Herren B 1701-1900 Einzel',
        '',
        NULL, 1, 0, NULL, 0, 0, 0, 'G', 121, 11, 1898, 2008, 1701, 1900, NULL, '2019-01-06 09:30:00', 0, 0, 0, 0, 3, 0,
        11, '2019-01-03 18:21:44', 0, 0),
       (4, 'Herren B', 2, 3, NULL, NULL, 0, NULL, 0, 0, 'Herren B 1701-1900 Doppel',
        '',
        NULL, 1, 0, NULL, 0, 0, 0, 'G', 121, 11, 1898, 2008, 1701, 1900, NULL, '2019-01-06 09:30:00', 0, 0, 0, 0, 3, 0,
        11, '2019-01-03 18:21:44', 0, 0),
       (5, 'Damen A', 1, 0, NULL, 0, 0, 0, 9, 0, 'Damen A Einzel',
        '',
        NULL, 1, 0, NULL, 0, 0, 0, 'W', 121, 11, 1898, 2008, 0, 3000, NULL, '2019-01-06 12:30:00', 0, 0, 0, 0, 3, 0, 11,
        '2019-01-03 18:21:44', 0, 0),
       (6, 'Damen A', 2, 3, NULL, NULL, 0, NULL, 0, 0, 'Damen A Doppel',
        '',
        NULL, 0, 0, NULL, 0, 0, 0, 'W', 121, 11, 1898, 2008, 0, 3000, NULL, '2019-01-06 12:30:00', 0, 0, 0, 0, 3, 0, 11,
        '2019-01-03 18:21:44', 0, 0),
       (7, 'Herren C', 1, 0, NULL, 0, 0, 0, 9, 0, 'Herren C 1501-1700 Einzel',
        '',
        NULL, 1, 0, NULL, 0, 0, 0, 'G', 121, 11, 1898, 2008, 1501, 1700, NULL, '2019-01-06 14:00:00', 0, 0, 0, 0, 3, 0,
        11, '2019-01-03 18:21:44', 0, 0),
       (8, 'Herren C', 2, 3, NULL, 64, 0, 0, 0, 0, 'Herren C 1501-1700 Doppel',
        '',
        NULL, 1, 0, NULL, 0, 0, 0, 'G', 121, 11, 1898, 2008, 1501, 1700, NULL, '2019-01-06 14:00:00', 0, 0, 0, 0, 3, 0,
        11, '2019-01-03 18:21:44', 0, 0),
       (9, 'Herren A', 1, 0, NULL, NULL, 0, NULL, 9, 0, 'Herren A Einzel',
        '',
        NULL, 0, 0, NULL, 0, 0, 0, 'G', 121, 11, 1898, 2008, 1901, 3000, NULL, '2019-01-06 16:30:00', 0, 0, 0, 0, 3, 0,
        11, '2019-01-03 18:21:44', 0, 0),
       (10, 'Herren A', 2, 3, NULL, NULL, 0, NULL, 0, 0, 'Herren A Doppel',
        '',
        NULL, 0, 0, NULL, 0, 0, 0, 'G', 121, 11, 1898, 2008, 1901, 3000, NULL, '2019-01-06 16:30:00', 0, 0, 0, 0, 3, 0,
        11, '2019-01-03 18:21:44', 0, 0);

INSERT INTO `typeperplayer` (`typl_id`, `typl_play_id`, `typl_type_id`, `typl_seed`, `typl_WaitList`, `typl_paid`,
                             `typl_timestamp`, `typl_Cash_ID`, `Typl_ExternalID`)
VALUES (1, 54, 1, 0, 0, 0, '2019-01-03 18:21:45', 0, 'PLAYER1'),
       (2, 55, 1, 0, 0, 0, '2019-01-03 18:21:45', 0, 'PLAYER10'),
       (3, 56, 3, 0, 0, 1, '2019-01-03 18:21:45', 0, 'PLAYER100'),
       (4, 57, 3, 0, 0, 1, '2019-01-03 18:21:45', 0, 'PLAYER101'),
       (5, 58, 3, 10, 0, 1, '2019-01-03 18:21:45', 0, 'PLAYER102'),
       (6, 59, 3, 0, 0, 1, '2019-01-03 18:21:45', 0, 'PLAYER103'),
       (7, 60, 3, 12, 0, 1, '2019-01-03 18:21:45', 0, 'PLAYER104'),
       (8, 61, 3, 0, 0, 1, '2019-01-03 18:21:45', 0, 'PLAYER105'),
       (9, 62, 3, 0, 0, 1, '2019-01-03 18:21:45', 0, 'PLAYER106'),
       (10, 63, 3, 0, 0, 1, '2019-01-03 18:21:45', 0, 'PLAYER107'),
       (11, 64, 3, 0, 0, 1, '2019-01-03 18:21:45', 0, 'PLAYER108'),
       (12, 65, 3, 0, 0, 1, '2019-01-03 18:21:45', 0, 'PLAYER109'),
       (13, 66, 1, 0, 0, 0, '2019-01-03 18:21:45', 0, 'PLAYER11'),
       (14, 67, 3, 0, 0, 1, '2019-01-03 18:21:45', 0, 'PLAYER110'),
       (15, 68, 3, 0, 0, 1, '2019-01-03 18:21:45', 0, 'PLAYER111'),
       (16, 69, 3, 26, 0, 1, '2019-01-03 18:21:45', 0, 'PLAYER112'),
       (17, 70, 3, 0, 0, 1, '2019-01-03 18:21:45', 0, 'PLAYER113'),
       (18, 71, 3, 17, 0, 1, '2019-01-03 18:21:45', 0, 'PLAYER114'),
       (19, 72, 3, 0, 0, 1, '2019-01-03 18:21:45', 0, 'PLAYER115'),
       (20, 73, 3, 0, 0, 1, '2019-01-03 18:21:45', 0, 'PLAYER116'),
       (21, 74, 3, 0, 0, 1, '2019-01-03 18:21:45', 0, 'PLAYER117'),
       (22, 75, 3, 0, 0, 1, '2019-01-03 18:21:45', 0, 'PLAYER118'),
       (23, 76, 3, 18, 0, 1, '2019-01-03 18:21:45', 0, 'PLAYER119'),
       (24, 77, 1, 0, 0, 0, '2019-01-03 18:21:45', 0, 'PLAYER12'),
       (25, 78, 3, 0, 0, 1, '2019-01-03 18:21:45', 0, 'PLAYER120'),
       (26, 79, 3, 21, 0, 1, '2019-01-03 18:21:45', 0, 'PLAYER121'),
       (27, 80, 3, 3, 0, 1, '2019-01-03 18:21:45', 0, 'PLAYER122'),
       (28, 81, 3, 0, 0, 1, '2019-01-03 18:21:45', 0, 'PLAYER123'),
       (29, 82, 3, 0, 0, 1, '2019-01-03 18:21:45', 0, 'PLAYER124'),
       (30, 83, 3, 0, 0, 1, '2019-01-03 18:21:45', 0, 'PLAYER125'),
       (31, 84, 3, 6, 0, 1, '2019-01-03 18:21:45', 0, 'PLAYER126'),
       (32, 85, 3, 22, 0, 1, '2019-01-03 18:21:45', 0, 'PLAYER127'),
       (33, 86, 3, 0, 0, 1, '2019-01-03 18:21:45', 0, 'PLAYER128'),
       (34, 87, 3, 0, 0, 1, '2019-01-03 18:21:45', 0, 'PLAYER129'),
       (35, 88, 1, 0, 0, 0, '2019-01-03 18:21:45', 0, 'PLAYER13'),
       (36, 89, 3, 27, 0, 1, '2019-01-03 18:21:45', 0, 'PLAYER130'),
       (37, 90, 3, 23, 0, 1, '2019-01-03 18:21:45', 0, 'PLAYER131'),
       (38, 91, 3, 0, 0, 1, '2019-01-03 18:21:45', 0, 'PLAYER132'),
       (39, 92, 3, 8, 0, 1, '2019-01-03 18:21:45', 0, 'PLAYER133'),
       (40, 93, 3, 0, 0, 1, '2019-01-03 18:21:45', 0, 'PLAYER134'),
       (41, 94, 3, 0, 0, 1, '2019-01-03 18:21:45', 0, 'PLAYER135'),
       (42, 95, 3, 0, 0, 1, '2019-01-03 18:21:45', 0, 'PLAYER136'),
       (43, 96, 3, 0, 0, 1, '2019-01-03 18:21:45', 0, 'PLAYER137'),
       (44, 97, 3, 0, 0, 1, '2019-01-03 18:21:45', 0, 'PLAYER138'),
       (45, 98, 3, 0, 0, 1, '2019-01-03 18:21:45', 0, 'PLAYER139'),
       (46, 99, 1, 0, 0, 0, '2019-01-03 18:21:45', 0, 'PLAYER14'),
       (47, 100, 3, 14, 0, 1, '2019-01-03 18:21:45', 0, 'PLAYER140'),
       (48, 101, 3, 0, 0, 1, '2019-01-03 18:21:45', 0, 'PLAYER141'),
       (49, 102, 3, 0, 0, 1, '2019-01-03 18:21:45', 0, 'PLAYER142'),
       (50, 103, 3, 13, 0, 1, '2019-01-03 18:21:45', 0, 'PLAYER143'),
       (51, 104, 3, 0, 0, 1, '2019-01-03 18:21:45', 0, 'PLAYER144'),
       (52, 105, 3, 9, 0, 1, '2019-01-03 18:21:45', 0, 'PLAYER145'),
       (53, 106, 3, 0, 0, 1, '2019-01-03 18:21:45', 0, 'PLAYER146'),
       (54, 107, 3, 15, 0, 1, '2019-01-03 18:21:45', 0, 'PLAYER147'),
       (55, 108, 3, 0, 0, 1, '2019-01-03 18:21:45', 0, 'PLAYER148'),
       (56, 109, 3, 1, 0, 1, '2019-01-03 18:21:45', 0, 'PLAYER149'),
       (57, 110, 1, 0, 0, 0, '2019-01-03 18:21:45', 0, 'PLAYER15'),
       (58, 111, 3, 0, 0, 1, '2019-01-03 18:21:45', 0, 'PLAYER150'),
       (59, 112, 3, 11, 0, 1, '2019-01-03 18:21:45', 0, 'PLAYER151'),
       (60, 113, 3, 4, 0, 1, '2019-01-03 18:21:45', 0, 'PLAYER152'),
       (61, 114, 3, 0, 0, 1, '2019-01-03 18:21:45', 0, 'PLAYER153'),
       (62, 115, 3, 0, 0, 1, '2019-01-03 18:21:45', 0, 'PLAYER154'),
       (63, 116, 3, 0, 0, 1, '2019-01-03 18:21:45', 0, 'PLAYER155'),
       (64, 117, 3, 0, 0, 1, '2019-01-03 18:21:45', 0, 'PLAYER156'),
       (65, 118, 3, 0, 0, 1, '2019-01-03 18:21:45', 0, 'PLAYER157'),
       (66, 119, 3, 19, 0, 1, '2019-01-03 18:21:45', 0, 'PLAYER158'),
       (67, 120, 3, 0, 0, 1, '2019-01-03 18:21:45', 0, 'PLAYER159'),
       (68, 121, 1, 0, 0, 0, '2019-01-03 18:21:45', 0, 'PLAYER16'),
       (69, 122, 3, 0, 0, 1, '2019-01-03 18:21:45', 0, 'PLAYER160'),
       (70, 123, 3, 0, 0, 1, '2019-01-03 18:21:45', 0, 'PLAYER161'),
       (71, 124, 3, 0, 0, 1, '2019-01-03 18:21:45', 0, 'PLAYER162'),
       (72, 125, 3, 0, 0, 1, '2019-01-03 18:21:45', 0, 'PLAYER163'),
       (73, 126, 3, 0, 0, 1, '2019-01-03 18:21:45', 0, 'PLAYER164'),
       (74, 127, 3, 0, 0, 1, '2019-01-03 18:21:45', 0, 'PLAYER165'),
       (75, 128, 3, 2, 0, 1, '2019-01-03 18:21:45', 0, 'PLAYER166'),
       (76, 129, 3, 20, 0, 1, '2019-01-03 18:21:45', 0, 'PLAYER167'),
       (77, 130, 3, 0, 0, 1, '2019-01-03 18:21:45', 0, 'PLAYER168'),
       (78, 131, 3, 25, 0, 1, '2019-01-03 18:21:45', 0, 'PLAYER169'),
       (79, 132, 1, 0, 0, 0, '2019-01-03 18:21:45', 0, 'PLAYER17'),
       (80, 133, 3, 0, 0, 1, '2019-01-03 18:21:45', 0, 'PLAYER170'),
       (81, 134, 5, 0, 0, 1, '2019-01-03 18:21:45', 0, 'PLAYER171'),
       (82, 135, 5, 0, 0, 1, '2019-01-03 18:21:45', 0, 'PLAYER172'),
       (83, 136, 5, 8, 0, 1, '2019-01-03 18:21:45', 0, 'PLAYER173'),
       (84, 137, 5, 3, 0, 1, '2019-01-03 18:21:45', 0, 'PLAYER174'),
       (85, 138, 5, 0, 0, 1, '2019-01-03 18:21:45', 0, 'PLAYER175'),
       (86, 139, 5, 0, 0, 1, '2019-01-03 18:21:45', 0, 'PLAYER176'),
       (87, 78, 5, 5, 0, 1, '2019-01-03 18:21:45', 0, 'PLAYER177'),
       (88, 140, 5, 4, 0, 1, '2019-01-03 18:21:45', 0, 'PLAYER178'),
       (89, 141, 5, 1, 0, 1, '2019-01-03 18:21:45', 0, 'PLAYER179'),
       (90, 142, 1, 0, 0, 0, '2019-01-03 18:21:45', 0, 'PLAYER18'),
       (91, 143, 5, 0, 0, 1, '2019-01-03 18:21:45', 0, 'PLAYER180'),
       (92, 144, 5, 7, 0, 1, '2019-01-03 18:21:45', 0, 'PLAYER181'),
       (93, 145, 5, 6, 0, 1, '2019-01-03 18:21:45', 0, 'PLAYER182'),
       (94, 146, 5, 0, 0, 1, '2019-01-03 18:21:45', 0, 'PLAYER183'),
       (95, 147, 5, 0, 0, 1, '2019-01-03 18:21:45', 0, 'PLAYER184'),
       (96, 148, 5, 0, 0, 1, '2019-01-03 18:21:45', 0, 'PLAYER185'),
       (97, 149, 5, 0, 0, 1, '2019-01-03 18:21:45', 0, 'PLAYER186'),
       (98, 118, 5, 2, 0, 1, '2019-01-03 18:21:45', 0, 'PLAYER187'),
       (99, 150, 5, 0, 0, 1, '2019-01-03 18:21:45', 0, 'PLAYER188'),
       (100, 151, 5, 0, 0, 1, '2019-01-03 18:21:45', 0, 'PLAYER189'),
       (101, 152, 1, 0, 0, 0, '2019-01-03 18:21:45', 0, 'PLAYER19'),
       (102, 153, 7, 21, 0, 1, '2019-01-03 18:21:45', 0, 'PLAYER190'),
       (103, 154, 7, 0, 0, 1, '2019-01-03 18:21:45', 0, 'PLAYER191'),
       (104, 155, 7, 0, 0, 1, '2019-01-03 18:21:45', 0, 'PLAYER192'),
       (105, 156, 7, 16, 0, 1, '2019-01-03 18:21:45', 0, 'PLAYER193'),
       (106, 157, 7, 0, 0, 1, '2019-01-03 18:21:45', 0, 'PLAYER194'),
       (107, 158, 7, 9, 0, 1, '2019-01-03 18:21:45', 0, 'PLAYER195'),
       (108, 159, 7, 0, 0, 1, '2019-01-03 18:21:45', 0, 'PLAYER196'),
       (109, 160, 7, 0, 0, 1, '2019-01-03 18:21:45', 0, 'PLAYER197'),
       (110, 161, 7, 0, 0, 1, '2019-01-03 18:21:45', 0, 'PLAYER198'),
       (111, 162, 7, 0, 0, 1, '2019-01-03 18:21:45', 0, 'PLAYER199'),
       (112, 163, 1, 0, 0, 0, '2019-01-03 18:21:45', 0, 'PLAYER2'),
       (113, 164, 1, 0, 0, 0, '2019-01-03 18:21:45', 0, 'PLAYER20'),
       (114, 165, 7, 0, 0, 1, '2019-01-03 18:21:45', 0, 'PLAYER200'),
       (115, 166, 7, 0, 0, 1, '2019-01-03 18:21:45', 0, 'PLAYER201'),
       (116, 121, 7, 0, 0, 1, '2019-01-03 18:21:45', 0, 'PLAYER202'),
       (117, 167, 7, 0, 0, 1, '2019-01-03 18:21:45', 0, 'PLAYER203'),
       (118, 168, 7, 0, 0, 1, '2019-01-03 18:21:45', 0, 'PLAYER204'),
       (119, 169, 7, 20, 0, 1, '2019-01-03 18:21:45', 0, 'PLAYER205'),
       (120, 170, 7, 22, 0, 1, '2019-01-03 18:21:45', 0, 'PLAYER206'),
       (121, 171, 7, 0, 0, 1, '2019-01-03 18:21:45', 0, 'PLAYER207'),
       (122, 172, 7, 0, 0, 1, '2019-01-03 18:21:45', 0, 'PLAYER208'),
       (123, 173, 7, 0, 0, 1, '2019-01-03 18:21:45', 0, 'PLAYER209'),
       (124, 174, 1, 0, 0, 0, '2019-01-03 18:21:45', 0, 'PLAYER21'),
       (125, 56, 7, 23, 0, 1, '2019-01-03 18:21:45', 0, 'PLAYER210'),
       (126, 175, 7, 0, 0, 1, '2019-01-03 18:21:45', 0, 'PLAYER211'),
       (127, 59, 7, 0, 0, 1, '2019-01-03 18:21:45', 0, 'PLAYER212'),
       (128, 62, 7, 15, 0, 1, '2019-01-03 18:21:45', 0, 'PLAYER213'),
       (129, 64, 7, 0, 0, 1, '2019-01-03 18:21:45', 0, 'PLAYER214'),
       (130, 65, 7, 0, 0, 1, '2019-01-03 18:21:45', 0, 'PLAYER215'),
       (131, 176, 7, 0, 0, 1, '2019-01-03 18:21:45', 0, 'PLAYER216'),
       (132, 70, 7, 7, 0, 1, '2019-01-03 18:21:45', 0, 'PLAYER217'),
       (133, 73, 7, 6, 0, 1, '2019-01-03 18:21:45', 0, 'PLAYER218'),
       (134, 74, 7, 1, 0, 1, '2019-01-03 18:21:45', 0, 'PLAYER219'),
       (135, 177, 1, 0, 0, 0, '2019-01-03 18:21:45', 0, 'PLAYER22'),
       (136, 178, 7, 0, 0, 1, '2019-01-03 18:21:45', 0, 'PLAYER220'),
       (137, 179, 7, 0, 0, 1, '2019-01-03 18:21:45', 0, 'PLAYER221'),
       (138, 75, 7, 12, 0, 1, '2019-01-03 18:21:45', 0, 'PLAYER222'),
       (139, 180, 7, 0, 0, 1, '2019-01-03 18:21:45', 0, 'PLAYER223'),
       (140, 181, 7, 0, 0, 1, '2019-01-03 18:21:45', 0, 'PLAYER224'),
       (141, 81, 7, 25, 0, 1, '2019-01-03 18:21:45', 0, 'PLAYER225'),
       (142, 82, 7, 2, 0, 1, '2019-01-03 18:21:45', 0, 'PLAYER226'),
       (143, 83, 7, 0, 0, 1, '2019-01-03 18:21:45', 0, 'PLAYER227'),
       (144, 182, 7, 0, 0, 1, '2019-01-03 18:21:45', 0, 'PLAYER228'),
       (145, 86, 7, 24, 0, 1, '2019-01-03 18:21:45', 0, 'PLAYER229'),
       (146, 183, 1, 0, 0, 0, '2019-01-03 18:21:45', 0, 'PLAYER23'),
       (147, 87, 7, 3, 0, 1, '2019-01-03 18:21:46', 0, 'PLAYER230'),
       (148, 184, 7, 14, 0, 1, '2019-01-03 18:21:46', 0, 'PLAYER231'),
       (149, 185, 7, 0, 0, 1, '2019-01-03 18:21:46', 0, 'PLAYER232'),
       (150, 186, 7, 0, 0, 1, '2019-01-03 18:21:46', 0, 'PLAYER233'),
       (151, 187, 7, 26, 0, 1, '2019-01-03 18:21:46', 0, 'PLAYER234'),
       (152, 188, 7, 0, 0, 1, '2019-01-03 18:21:46', 0, 'PLAYER235'),
       (153, 91, 7, 17, 0, 1, '2019-01-03 18:21:46', 0, 'PLAYER236'),
       (154, 189, 7, 5, 0, 1, '2019-01-03 18:21:46', 0, 'PLAYER237'),
       (155, 190, 7, 0, 0, 1, '2019-01-03 18:21:46', 0, 'PLAYER238'),
       (156, 191, 7, 0, 0, 1, '2019-01-03 18:21:46', 0, 'PLAYER239'),
       (157, 192, 1, 0, 0, 0, '2019-01-03 18:21:46', 0, 'PLAYER24'),
       (158, 93, 7, 8, 0, 1, '2019-01-03 18:21:46', 0, 'PLAYER240'),
       (159, 193, 7, 0, 0, 1, '2019-01-03 18:21:46', 0, 'PLAYER241'),
       (160, 94, 7, 0, 0, 1, '2019-01-03 18:21:46', 0, 'PLAYER242'),
       (161, 194, 7, 0, 0, 1, '2019-01-03 18:21:46', 0, 'PLAYER243'),
       (162, 195, 7, 0, 0, 1, '2019-01-03 18:21:46', 0, 'PLAYER244'),
       (163, 96, 7, 0, 0, 1, '2019-01-03 18:21:46', 0, 'PLAYER245'),
       (164, 196, 7, 0, 0, 1, '2019-01-03 18:21:46', 0, 'PLAYER246'),
       (165, 197, 7, 0, 0, 1, '2019-01-03 18:21:46', 0, 'PLAYER247'),
       (166, 97, 7, 0, 0, 1, '2019-01-03 18:21:46', 0, 'PLAYER248'),
       (167, 98, 7, 0, 0, 1, '2019-01-03 18:21:46', 0, 'PLAYER249'),
       (168, 198, 1, 0, 0, 0, '2019-01-03 18:21:46', 0, 'PLAYER25'),
       (169, 199, 7, 0, 0, 1, '2019-01-03 18:21:46', 0, 'PLAYER250'),
       (170, 101, 7, 13, 0, 1, '2019-01-03 18:21:46', 0, 'PLAYER251'),
       (171, 102, 7, 10, 0, 1, '2019-01-03 18:21:46', 0, 'PLAYER252'),
       (172, 104, 7, 11, 0, 1, '2019-01-03 18:21:46', 0, 'PLAYER253'),
       (173, 200, 7, 19, 0, 1, '2019-01-03 18:21:46', 0, 'PLAYER254'),
       (174, 201, 7, 0, 0, 1, '2019-01-03 18:21:46', 0, 'PLAYER255'),
       (175, 202, 7, 0, 0, 1, '2019-01-03 18:21:46', 0, 'PLAYER256'),
       (176, 108, 7, 0, 0, 1, '2019-01-03 18:21:46', 0, 'PLAYER257'),
       (177, 203, 7, 0, 0, 1, '2019-01-03 18:21:46', 0, 'PLAYER258'),
       (178, 204, 7, 0, 0, 1, '2019-01-03 18:21:46', 0, 'PLAYER259'),
       (179, 205, 1, 0, 0, 0, '2019-01-03 18:21:46', 0, 'PLAYER26'),
       (180, 206, 7, 0, 0, 1, '2019-01-03 18:21:46', 0, 'PLAYER260'),
       (181, 207, 7, 0, 0, 1, '2019-01-03 18:21:46', 0, 'PLAYER261'),
       (182, 208, 7, 0, 0, 1, '2019-01-03 18:21:46', 0, 'PLAYER262'),
       (183, 209, 7, 0, 0, 1, '2019-01-03 18:21:46', 0, 'PLAYER263'),
       (184, 210, 7, 18, 0, 1, '2019-01-03 18:21:46', 0, 'PLAYER264'),
       (185, 211, 7, 27, 0, 1, '2019-01-03 18:21:46', 0, 'PLAYER265'),
       (186, 212, 7, 0, 0, 1, '2019-01-03 18:21:46', 0, 'PLAYER266'),
       (187, 120, 7, 0, 0, 1, '2019-01-03 18:21:46', 0, 'PLAYER267'),
       (188, 213, 7, 0, 0, 1, '2019-01-03 18:21:46', 0, 'PLAYER268'),
       (189, 214, 7, 0, 0, 1, '2019-01-03 18:21:46', 0, 'PLAYER269'),
       (190, 215, 1, 0, 0, 0, '2019-01-03 18:21:46', 0, 'PLAYER27'),
       (191, 216, 7, 0, 0, 1, '2019-01-03 18:21:46', 0, 'PLAYER270'),
       (192, 123, 7, 28, 0, 1, '2019-01-03 18:21:46', 0, 'PLAYER271'),
       (193, 124, 7, 0, 0, 1, '2019-01-03 18:21:46', 0, 'PLAYER272'),
       (194, 125, 7, 29, 0, 1, '2019-01-03 18:21:46', 0, 'PLAYER273'),
       (195, 217, 7, 0, 0, 1, '2019-01-03 18:21:46', 0, 'PLAYER274'),
       (196, 126, 7, 0, 0, 1, '2019-01-03 18:21:46', 0, 'PLAYER275'),
       (197, 127, 7, 4, 0, 1, '2019-01-03 18:21:46', 0, 'PLAYER276'),
       (198, 218, 9, 0, 0, 0, '2019-01-03 18:21:46', 0, 'PLAYER277'),
       (199, 219, 9, 0, 0, 0, '2019-01-03 18:21:46', 0, 'PLAYER278'),
       (200, 220, 9, 0, 0, 0, '2019-01-03 18:21:46', 0, 'PLAYER279'),
       (201, 221, 1, 0, 0, 0, '2019-01-03 18:21:46', 0, 'PLAYER28'),
       (202, 222, 9, 0, 0, 0, '2019-01-03 18:21:46', 0, 'PLAYER280'),
       (203, 223, 9, 0, 0, 0, '2019-01-03 18:21:46', 0, 'PLAYER281'),
       (204, 224, 9, 0, 0, 0, '2019-01-03 18:21:46', 0, 'PLAYER282'),
       (205, 58, 9, 0, 0, 0, '2019-01-03 18:21:46', 0, 'PLAYER283'),
       (206, 63, 9, 0, 0, 0, '2019-01-03 18:21:46', 0, 'PLAYER284'),
       (207, 67, 9, 0, 0, 0, '2019-01-03 18:21:46', 0, 'PLAYER285'),
       (208, 68, 9, 0, 0, 0, '2019-01-03 18:21:46', 0, 'PLAYER286'),
       (209, 225, 9, 0, 0, 0, '2019-01-03 18:21:46', 0, 'PLAYER287'),
       (210, 226, 9, 0, 0, 0, '2019-01-03 18:21:46', 0, 'PLAYER288'),
       (211, 85, 9, 0, 0, 0, '2019-01-03 18:21:46', 0, 'PLAYER289'),
       (212, 227, 1, 0, 0, 0, '2019-01-03 18:21:46', 0, 'PLAYER29'),
       (213, 228, 9, 0, 0, 0, '2019-01-03 18:21:46', 0, 'PLAYER290'),
       (214, 229, 9, 0, 0, 0, '2019-01-03 18:21:46', 0, 'PLAYER291'),
       (215, 90, 9, 0, 0, 0, '2019-01-03 18:21:46', 0, 'PLAYER292'),
       (216, 92, 9, 0, 0, 0, '2019-01-03 18:21:46', 0, 'PLAYER293'),
       (217, 230, 9, 0, 0, 0, '2019-01-03 18:21:46', 0, 'PLAYER294'),
       (218, 231, 9, 0, 0, 0, '2019-01-03 18:21:46', 0, 'PLAYER295'),
       (219, 100, 9, 0, 0, 0, '2019-01-03 18:21:46', 0, 'PLAYER296'),
       (220, 105, 9, 0, 0, 0, '2019-01-03 18:21:46', 0, 'PLAYER297'),
       (221, 107, 9, 0, 0, 0, '2019-01-03 18:21:46', 0, 'PLAYER298'),
       (222, 232, 9, 0, 0, 0, '2019-01-03 18:21:46', 0, 'PLAYER299'),
       (223, 233, 1, 0, 0, 0, '2019-01-03 18:21:46', 0, 'PLAYER3'),
       (224, 234, 1, 0, 0, 0, '2019-01-03 18:21:46', 0, 'PLAYER30'),
       (225, 109, 9, 0, 0, 0, '2019-01-03 18:21:46', 0, 'PLAYER300'),
       (226, 235, 9, 0, 0, 0, '2019-01-03 18:21:46', 0, 'PLAYER301'),
       (227, 113, 9, 0, 0, 0, '2019-01-03 18:21:46', 0, 'PLAYER302'),
       (228, 236, 9, 0, 0, 0, '2019-01-03 18:21:46', 0, 'PLAYER303'),
       (229, 119, 9, 0, 0, 0, '2019-01-03 18:21:46', 0, 'PLAYER304'),
       (230, 237, 9, 0, 0, 0, '2019-01-03 18:21:46', 0, 'PLAYER305'),
       (231, 238, 9, 0, 0, 0, '2019-01-03 18:21:46', 0, 'PLAYER306'),
       (232, 239, 9, 0, 0, 0, '2019-01-03 18:21:46', 0, 'PLAYER307'),
       (233, 128, 9, 0, 0, 0, '2019-01-03 18:21:46', 0, 'PLAYER308'),
       (234, 129, 9, 0, 0, 0, '2019-01-03 18:21:46', 0, 'PLAYER309'),
       (235, 240, 1, 0, 0, 0, '2019-01-03 18:21:46', 0, 'PLAYER31'),
       (236, 133, 9, 0, 0, 0, '2019-01-03 18:21:46', 0, 'PLAYER310'),
       (237, 241, 9, 0, 0, 0, '2019-01-03 18:21:46', 0, 'PLAYER311'),
       (238, 242, 1, 0, 0, 0, '2019-01-03 18:21:46', 0, 'PLAYER32'),
       (239, 243, 1, 0, 0, 0, '2019-01-03 18:21:46', 0, 'PLAYER33'),
       (240, 244, 1, 0, 0, 0, '2019-01-03 18:21:46', 0, 'PLAYER34'),
       (241, 245, 1, 0, 0, 0, '2019-01-03 18:21:46', 0, 'PLAYER35'),
       (242, 246, 1, 0, 0, 0, '2019-01-03 18:21:46', 0, 'PLAYER36'),
       (243, 247, 1, 0, 0, 0, '2019-01-03 18:21:46', 0, 'PLAYER37'),
       (244, 248, 1, 0, 0, 0, '2019-01-03 18:21:46', 0, 'PLAYER38'),
       (245, 249, 1, 0, 0, 0, '2019-01-03 18:21:46', 0, 'PLAYER39'),
       (246, 250, 1, 0, 0, 0, '2019-01-03 18:21:46', 0, 'PLAYER4'),
       (247, 251, 1, 0, 0, 0, '2019-01-03 18:21:46', 0, 'PLAYER40'),
       (248, 252, 1, 0, 0, 0, '2019-01-03 18:21:46', 0, 'PLAYER41'),
       (249, 178, 1, 0, 0, 0, '2019-01-03 18:21:46', 0, 'PLAYER42'),
       (250, 253, 1, 0, 0, 0, '2019-01-03 18:21:46', 0, 'PLAYER43'),
       (251, 254, 1, 0, 0, 0, '2019-01-03 18:21:46', 0, 'PLAYER44'),
       (252, 181, 1, 0, 0, 0, '2019-01-03 18:21:46', 0, 'PLAYER45'),
       (253, 255, 1, 0, 0, 0, '2019-01-03 18:21:46', 0, 'PLAYER46'),
       (254, 256, 1, 0, 0, 0, '2019-01-03 18:21:46', 0, 'PLAYER47'),
       (255, 257, 1, 0, 0, 0, '2019-01-03 18:21:46', 0, 'PLAYER48'),
       (256, 182, 1, 0, 0, 0, '2019-01-03 18:21:46', 0, 'PLAYER49'),
       (257, 258, 1, 0, 0, 0, '2019-01-03 18:21:46', 0, 'PLAYER5'),
       (258, 259, 1, 0, 0, 0, '2019-01-03 18:21:46', 0, 'PLAYER50'),
       (259, 185, 1, 0, 0, 0, '2019-01-03 18:21:46', 0, 'PLAYER51'),
       (260, 260, 1, 0, 0, 0, '2019-01-03 18:21:46', 0, 'PLAYER52'),
       (261, 261, 1, 0, 0, 0, '2019-01-03 18:21:46', 0, 'PLAYER53'),
       (262, 262, 1, 0, 0, 0, '2019-01-03 18:21:46', 0, 'PLAYER54'),
       (263, 190, 1, 0, 0, 0, '2019-01-03 18:21:46', 0, 'PLAYER55'),
       (264, 263, 1, 0, 0, 0, '2019-01-03 18:21:46', 0, 'PLAYER56'),
       (265, 264, 1, 0, 0, 0, '2019-01-03 18:21:46', 0, 'PLAYER57'),
       (266, 265, 1, 0, 0, 0, '2019-01-03 18:21:46', 0, 'PLAYER58'),
       (267, 266, 1, 0, 0, 0, '2019-01-03 18:21:46', 0, 'PLAYER59'),
       (268, 267, 1, 0, 0, 0, '2019-01-03 18:21:46', 0, 'PLAYER6'),
       (269, 194, 1, 0, 0, 0, '2019-01-03 18:21:46', 0, 'PLAYER60'),
       (270, 268, 1, 0, 0, 0, '2019-01-03 18:21:46', 0, 'PLAYER61'),
       (271, 195, 1, 0, 0, 0, '2019-01-03 18:21:46', 0, 'PLAYER62'),
       (272, 197, 1, 0, 0, 0, '2019-01-03 18:21:46', 0, 'PLAYER63'),
       (273, 201, 1, 0, 0, 0, '2019-01-03 18:21:46', 0, 'PLAYER64'),
       (274, 269, 1, 0, 0, 0, '2019-01-03 18:21:46', 0, 'PLAYER65'),
       (275, 270, 1, 0, 0, 0, '2019-01-03 18:21:46', 0, 'PLAYER66'),
       (276, 271, 1, 0, 0, 0, '2019-01-03 18:21:46', 0, 'PLAYER67'),
       (277, 272, 1, 0, 0, 0, '2019-01-03 18:21:46', 0, 'PLAYER68'),
       (278, 148, 1, 0, 0, 0, '2019-01-03 18:21:46', 0, 'PLAYER69'),
       (279, 273, 1, 0, 0, 0, '2019-01-03 18:21:46', 0, 'PLAYER7'),
       (280, 206, 1, 0, 0, 0, '2019-01-03 18:21:46', 0, 'PLAYER70'),
       (281, 207, 1, 0, 0, 0, '2019-01-03 18:21:46', 0, 'PLAYER71'),
       (282, 274, 1, 0, 0, 0, '2019-01-03 18:21:46', 0, 'PLAYER72'),
       (283, 208, 1, 0, 0, 0, '2019-01-03 18:21:46', 0, 'PLAYER73'),
       (284, 209, 1, 0, 0, 0, '2019-01-03 18:21:46', 0, 'PLAYER74'),
       (285, 275, 1, 0, 0, 0, '2019-01-03 18:21:46', 0, 'PLAYER75'),
       (286, 150, 1, 0, 0, 0, '2019-01-03 18:21:46', 0, 'PLAYER76'),
       (287, 214, 1, 0, 0, 0, '2019-01-03 18:21:46', 0, 'PLAYER77'),
       (288, 276, 1, 0, 0, 0, '2019-01-03 18:21:46', 0, 'PLAYER78'),
       (289, 277, 1, 0, 0, 0, '2019-01-03 18:21:46', 0, 'PLAYER79'),
       (290, 157, 1, 0, 0, 0, '2019-01-03 18:21:46', 0, 'PLAYER8'),
       (291, 151, 1, 0, 0, 0, '2019-01-03 18:21:46', 0, 'PLAYER80'),
       (292, 278, 1, 0, 0, 0, '2019-01-03 18:21:46', 0, 'PLAYER81'),
       (293, 279, 1, 0, 0, 0, '2019-01-03 18:21:46', 0, 'PLAYER82'),
       (294, 280, 1, 0, 0, 0, '2019-01-03 18:21:46', 0, 'PLAYER83'),
       (295, 281, 1, 0, 0, 0, '2019-01-03 18:21:46', 0, 'PLAYER84'),
       (296, 218, 3, 28, 0, 1, '2019-01-03 18:21:46', 0, 'PLAYER85'),
       (297, 282, 3, 0, 0, 1, '2019-01-03 18:21:46', 0, 'PLAYER86'),
       (298, 219, 3, 5, 0, 1, '2019-01-03 18:21:46', 0, 'PLAYER87'),
       (299, 156, 3, 0, 0, 1, '2019-01-03 18:21:46', 0, 'PLAYER88'),
       (300, 220, 3, 16, 0, 1, '2019-01-03 18:21:46', 0, 'PLAYER89'),
       (301, 283, 1, 0, 0, 0, '2019-01-03 18:21:46', 0, 'PLAYER9'),
       (302, 159, 3, 0, 0, 1, '2019-01-03 18:21:46', 0, 'PLAYER90'),
       (303, 161, 3, 0, 0, 1, '2019-01-03 18:21:46', 0, 'PLAYER91'),
       (304, 165, 3, 0, 0, 1, '2019-01-03 18:21:46', 0, 'PLAYER92'),
       (305, 166, 3, 0, 0, 1, '2019-01-03 18:21:46', 0, 'PLAYER93'),
       (306, 284, 3, 7, 0, 1, '2019-01-03 18:21:46', 0, 'PLAYER94'),
       (307, 285, 3, 24, 0, 1, '2019-01-03 18:21:46', 0, 'PLAYER95'),
       (308, 286, 3, 0, 0, 1, '2019-01-03 18:21:46', 0, 'PLAYER96'),
       (309, 170, 3, 0, 0, 1, '2019-01-03 18:21:46', 0, 'PLAYER97'),
       (310, 171, 3, 0, 0, 1, '2019-01-03 18:21:46', 0, 'PLAYER98'),
       (311, 173, 3, 0, 0, 1, '2019-01-03 18:21:46', 0, 'PLAYER99'),
       (312, 153, 8, 0, 0, 0, '2019-10-25 17:21:59', 0, NULL),
       (313, 154, 8, 0, 0, 0, '2019-10-25 17:21:59', 0, NULL),
       (314, 155, 8, 0, 0, 0, '2019-10-25 17:21:59', 0, NULL),
       (315, 156, 8, 0, 0, 0, '2019-10-25 17:21:59', 0, NULL),
       (316, 157, 8, 0, 0, 0, '2019-10-25 17:21:59', 0, NULL),
       (317, 158, 8, 0, 0, 0, '2019-10-25 17:21:59', 0, NULL),
       (318, 159, 8, 0, 0, 0, '2019-10-25 17:21:59', 0, NULL),
       (319, 160, 8, 0, 0, 0, '2019-10-25 17:21:59', 0, NULL),
       (320, 161, 8, 0, 0, 0, '2019-10-25 17:21:59', 0, NULL),
       (321, 162, 8, 0, 0, 0, '2019-10-25 17:21:59', 0, NULL),
       (322, 165, 8, 0, 0, 0, '2019-10-25 17:21:59', 0, NULL),
       (323, 166, 8, 0, 0, 0, '2019-10-25 17:21:59', 0, NULL),
       (324, 121, 8, 0, 0, 0, '2019-10-25 17:21:59', 0, NULL),
       (325, 167, 8, 0, 0, 0, '2019-10-25 17:21:59', 0, NULL),
       (326, 168, 8, 0, 0, 0, '2019-10-25 17:21:59', 0, NULL),
       (327, 169, 8, 0, 0, 0, '2019-10-25 17:21:59', 0, NULL),
       (328, 170, 8, 0, 0, 0, '2019-10-25 17:21:59', 0, NULL),
       (329, 171, 8, 0, 0, 0, '2019-10-25 17:21:59', 0, NULL),
       (330, 172, 8, 0, 0, 0, '2019-10-25 17:21:59', 0, NULL),
       (331, 173, 8, 0, 0, 0, '2019-10-25 17:21:59', 0, NULL),
       (332, 56, 8, 0, 0, 0, '2019-10-25 17:21:59', 0, NULL),
       (333, 175, 8, 0, 0, 0, '2019-10-25 17:21:59', 0, NULL),
       (334, 59, 8, 0, 0, 0, '2019-10-25 17:21:59', 0, NULL),
       (335, 62, 8, 0, 0, 0, '2019-10-25 17:21:59', 0, NULL),
       (336, 64, 8, 0, 0, 0, '2019-10-25 17:21:59', 0, NULL),
       (337, 65, 8, 0, 0, 0, '2019-10-25 17:21:59', 0, NULL),
       (338, 176, 8, 0, 0, 0, '2019-10-25 17:21:59', 0, NULL),
       (339, 70, 8, 0, 0, 0, '2019-10-25 17:21:59', 0, NULL),
       (340, 73, 8, 0, 0, 0, '2019-10-25 17:21:59', 0, NULL),
       (341, 74, 8, 0, 0, 0, '2019-10-25 17:21:59', 0, NULL),
       (342, 178, 8, 0, 0, 0, '2019-10-25 17:21:59', 0, NULL),
       (343, 179, 8, 0, 0, 0, '2019-10-25 17:21:59', 0, NULL),
       (344, 75, 8, 0, 0, 0, '2019-10-25 17:21:59', 0, NULL),
       (345, 180, 8, 0, 0, 0, '2019-10-25 17:21:59', 0, NULL),
       (346, 181, 8, 0, 0, 0, '2019-10-25 17:21:59', 0, NULL),
       (347, 81, 8, 0, 0, 0, '2019-10-25 17:21:59', 0, NULL),
       (348, 82, 8, 0, 0, 0, '2019-10-25 17:21:59', 0, NULL),
       (349, 83, 8, 0, 0, 0, '2019-10-25 17:21:59', 0, NULL),
       (350, 182, 8, 0, 0, 0, '2019-10-25 17:21:59', 0, NULL),
       (351, 86, 8, 0, 0, 0, '2019-10-25 17:21:59', 0, NULL),
       (352, 87, 8, 0, 0, 0, '2019-10-25 17:21:59', 0, NULL),
       (353, 184, 8, 0, 0, 0, '2019-10-25 17:21:59', 0, NULL),
       (354, 185, 8, 0, 0, 0, '2019-10-25 17:21:59', 0, NULL),
       (355, 186, 8, 0, 0, 0, '2019-10-25 17:21:59', 0, NULL),
       (356, 187, 8, 0, 0, 0, '2019-10-25 17:21:59', 0, NULL),
       (357, 188, 8, 0, 0, 0, '2019-10-25 17:21:59', 0, NULL),
       (358, 91, 8, 0, 0, 0, '2019-10-25 17:21:59', 0, NULL),
       (359, 189, 8, 0, 0, 0, '2019-10-25 17:21:59', 0, NULL),
       (360, 190, 8, 0, 0, 0, '2019-10-25 17:21:59', 0, NULL),
       (361, 191, 8, 0, 0, 0, '2019-10-25 17:21:59', 0, NULL),
       (362, 93, 8, 0, 0, 0, '2019-10-25 17:22:00', 0, NULL),
       (363, 193, 8, 0, 0, 0, '2019-10-25 17:22:00', 0, NULL),
       (364, 94, 8, 0, 0, 0, '2019-10-25 17:22:00', 0, NULL),
       (365, 194, 8, 0, 0, 0, '2019-10-25 17:22:00', 0, NULL),
       (366, 195, 8, 0, 0, 0, '2019-10-25 17:22:00', 0, NULL),
       (367, 96, 8, 0, 0, 0, '2019-10-25 17:22:00', 0, NULL),
       (368, 196, 8, 0, 0, 0, '2019-10-25 17:22:00', 0, NULL),
       (369, 197, 8, 0, 0, 0, '2019-10-25 17:22:00', 0, NULL),
       (370, 97, 8, 0, 0, 0, '2019-10-25 17:22:00', 0, NULL),
       (371, 98, 8, 0, 0, 0, '2019-10-25 17:22:00', 0, NULL),
       (372, 199, 8, 0, 0, 0, '2019-10-25 17:22:00', 0, NULL),
       (373, 101, 8, 0, 0, 0, '2019-10-25 17:22:00', 0, NULL),
       (374, 102, 8, 0, 0, 0, '2019-10-25 17:22:00', 0, NULL),
       (375, 104, 8, 0, 0, 0, '2019-10-25 17:22:00', 0, NULL),
       (376, 200, 8, 0, 0, 0, '2019-10-25 17:22:00', 0, NULL),
       (377, 201, 8, 0, 0, 0, '2019-10-25 17:22:00', 0, NULL),
       (378, 202, 8, 0, 0, 0, '2019-10-25 17:22:00', 0, NULL),
       (379, 108, 8, 0, 0, 0, '2019-10-25 17:22:00', 0, NULL),
       (380, 203, 8, 0, 0, 0, '2019-10-25 17:22:00', 0, NULL),
       (381, 204, 8, 0, 0, 0, '2019-10-25 17:22:00', 0, NULL),
       (382, 206, 8, 0, 0, 0, '2019-10-25 17:22:00', 0, NULL),
       (383, 207, 8, 0, 0, 0, '2019-10-25 17:22:00', 0, NULL),
       (384, 208, 8, 0, 0, 0, '2019-10-25 17:22:00', 0, NULL),
       (385, 209, 8, 0, 0, 0, '2019-10-25 17:22:00', 0, NULL),
       (386, 210, 8, 0, 0, 0, '2019-10-25 17:22:00', 0, NULL),
       (387, 211, 8, 0, 0, 0, '2019-10-25 17:22:00', 0, NULL),
       (388, 212, 8, 0, 0, 0, '2019-10-25 17:22:00', 0, NULL),
       (389, 120, 8, 0, 0, 0, '2019-10-25 17:22:00', 0, NULL),
       (390, 213, 8, 0, 0, 0, '2019-10-25 17:22:00', 0, NULL),
       (391, 214, 8, 0, 0, 0, '2019-10-25 17:22:00', 0, NULL),
       (392, 216, 8, 0, 0, 0, '2019-10-25 17:22:00', 0, NULL),
       (393, 123, 8, 0, 0, 0, '2019-10-25 17:22:00', 0, NULL),
       (394, 124, 8, 0, 0, 0, '2019-10-25 17:22:00', 0, NULL),
       (395, 125, 8, 0, 0, 0, '2019-10-25 17:22:00', 0, NULL),
       (396, 217, 8, 0, 0, 0, '2019-10-25 17:22:00', 0, NULL),
       (397, 126, 8, 0, 0, 0, '2019-10-25 17:22:00', 0, NULL),
       (398, 127, 8, 0, 0, 0, '2019-10-25 17:22:00', 0, NULL);


-- Insert test user (username: admin, password: password)
INSERT INTO `users` (`username`, `password`, `enabled`)
VALUES ('admin', '$2a$10$dXJ3SW6G7P50lGmMkkmwe.20cQQubK3.HZWzG3YB1tlRy.fqvM/BG', 1);

INSERT INTO `authorities` (`username`, `authority`)
VALUES ('admin', 'ROLE_USER'),
       ('admin', 'ROLE_ADMIN');
